age,cholesterol,resting_bp,target
47,150.8,115,0
59,209.8,99,1
35,191.4,88,0
71,204.6,127,1
63,188.9,144,1
53,253.3,96,1
53,204.5,124,1
59,215.3,123,1
53,219.0,123,0
54,176.4,132,0
64,199.9,138,0
62,295.3,129,1
55,180.3,121,0
55,264.8,131,0
58,139.2,120,0
49,208.6,132,0
52,182.5,125,0
62,218.6,102,1
55,228.6,115,0
41,216.8,136,1
51,172.5,119,0
63,168.9,127,0
53,223.6,108,1
54,250.0,121,1
63,232.1,131,1
76,270.2,128,1
48,174.1,132,1
71,178.9,117,0
42,181.1,124,0
58,242.8,129,0
43,184.0,113,0
71,172.3,120,1
65,240.8,122,0
69,190.5,133,1
46,171.4,125,0
64,159.9,161,0
50,219.8,119,0
51,205.3,136,0
62,243.6,125,0
66,196.2,152,0
58,213.2,130,1
49,245.0,112,0
47,163.8,123,0
72,285.5,153,1
63,215.8,119,1
64,203.1,127,0
80,239.6,156,1
47,209.7,117,0
84,209.6,114,1
85,228.2,124,1
74,245.0,123,1
65,273.6,122,1
49,245.8,129,1
67,263.2,119,0
51,233.1,119,0
56,209.4,106,1
53,166.8,116,0
59,199.3,134,1
70,189.9,156,1
50,228.7,88,1
45,120.0,96,0
45,185.2,126,0
45,218.9,109,0
40,209.8,93,0
46,213.8,105,0
70,227.5,142,0
49,150.2,125,0
59,258.7,124,0
43,230.4,120,0
58,254.0,153,0
37,203.8,114,0
48,187.6,118,1
81,253.6,135,1
50,179.5,140,0
68,172.6,118,1
61,137.5,137,0
54,172.1,132,1
49,193.5,116,0
70,156.1,134,1
54,138.8,112,0
73,191.8,144,0
48,237.2,117,0
57,192.8,112,0
61,217.0,142,1
60,165.4,125,0
42,200.8,111,0
49,219.9,103,0
54,153.1,116,1
47,179.1,128,0
63,193.8,119,0
62,221.2,113,0
34,167.5,119,0
36,127.1,110,0
42,174.5,149,1
57,258.2,99,0
78,266.8,138,0
52,179.8,144,1
59,173.4,119,0
44,159.4,94,0
44,181.1,112,0
34,197.0,96,0
56,233.1,112,0
66,273.6,130,1
52,193.9,106,0
71,279.2,149,1
58,245.7,138,1
56,194.1,136,1
62,154.0,118,0
61,203.7,113,0
69,271.7,115,1
47,192.3,111,0
31,255.7,119,0
57,163.7,132,1
49,269.6,143,0
56,186.2,96,0
74,180.5,155,1
44,177.9,137,0
64,186.8,119,0
66,151.0,129,0
61,173.8,136,1
68,123.2,133,0
51,247.6,129,0
49,223.1,145,0
67,189.2,125,0
64,179.8,126,0
71,266.1,92,0
58,166.5,120,0
74,250.1,116,1
53,252.8,88,0
44,225.0,142,0
34,191.8,123,0
44,223.2,96,0
65,204.9,117,1
40,237.3,125,0
51,177.0,92,0
79,289.4,116,1
65,241.1,126,0
76,211.4,125,1
45,243.0,124,1
29,229.1,100,0
73,203.0,169,1
40,154.0,102,0
57,157.5,103,0
58,179.7,132,0
46,189.8,140,0
73,209.2,110,1
73,303.2,122,1
62,208.4,131,0
56,210.7,141,0
58,184.9,126,1
44,252.9,127,1
53,150.6,95,0
55,214.9,100,0
47,197.3,106,0
65,207.0,123,1
40,198.1,108,0
51,181.7,125,0
31,150.6,104,0
61,248.4,110,0
64,262.3,135,1
63,235.6,147,0
85,271.1,139,1
66,218.8,118,1
46,120.0,107,0
85,185.2,133,0
46,218.6,124,1
65,123.2,110,0
64,216.1,120,1
46,212.8,120,0
71,226.3,131,1
60,168.0,117,0
62,196.2,129,1
49,189.1,116,0
70,223.3,111,0
47,190.6,125,0
36,128.4,123,0
72,304.7,141,1
51,215.2,134,1
56,197.2,128,0
77,198.5,124,1
69,242.3,127,0
63,218.1,127,0
68,229.4,125,0
48,144.7,129,0
64,132.5,108,0
68,263.4,138,1
64,218.9,126,0
54,215.4,117,1
29,233.7,101,0
62,194.9,103,0
57,225.5,114,0
52,135.5,120,0
65,207.7,139,1
59,204.6,114,1
58,244.4,151,1
40,179.2,108,0
40,274.5,102,1
60,120.0,109,0
57,247.0,103,1
58,140.3,123,0
58,244.5,119,0
61,239.1,135,0
56,181.0,124,0
58,192.6,125,1
59,197.9,121,0
66,241.8,120,0
50,182.7,143,1
65,224.3,133,0
63,213.6,120,0
57,231.6,126,0
51,210.6,104,0
60,225.8,138,0
66,240.4,99,0
44,226.1,126,0
57,232.7,118,0
57,200.7,144,0
49,198.9,124,0
49,174.3,129,0
39,219.9,95,0
44,163.9,106,0
39,187.7,121,0
49,198.8,112,0
50,224.5,118,1
50,221.5,154,1
60,235.6,106,0
54,213.3,106,0
48,150.6,108,0
48,183.6,111,0
44,205.9,118,0
54,219.1,112,0
54,177.1,120,0
74,194.5,119,1
73,212.8,125,1
72,172.3,143,0
79,213.8,126,1
43,240.7,102,0
63,164.6,137,1
64,160.4,120,1
61,247.9,127,1
79,214.5,130,1
84,282.7,137,1
67,162.9,121,0
63,248.0,123,0
44,209.7,119,0
44,154.8,105,0
64,224.9,161,1
55,287.6,108,1
41,230.0,125,0
55,214.4,124,1
60,196.1,119,1
66,163.9,122,0
55,156.5,134,0
53,190.7,143,0
56,240.3,101,0
58,201.9,157,0
43,261.0,124,1
65,177.0,112,0
80,181.0,153,0
65,214.9,138,1
40,194.6,107,0
57,265.2,157,1
37,220.3,112,1
36,197.0,125,0
63,182.7,120,1
57,233.8,109,1
48,293.5,133,0
33,197.5,120,0
42,151.8,156,0
58,149.6,147,0
56,194.3,129,0
64,220.3,141,1
73,191.1,150,1
52,188.1,128,0
61,192.5,132,1
54,254.9,106,1
51,156.8,114,0
53,187.5,113,0
67,254.7,137,1
45,258.0,102,0
69,193.4,117,0
72,210.7,143,1
56,278.2,146,1
59,258.4,114,0
40,168.4,113,0
82,187.6,142,1
67,219.9,128,0
58,175.6,137,0
57,193.5,136,1
61,224.9,105,0
49,142.5,99,0
59,220.2,131,0
46,220.4,145,1
61,203.2,130,1
49,235.9,97,1
66,190.8,113,0
55,197.2,123,0
59,142.8,129,0
85,120.0,138,1
65,172.2,143,0
59,206.5,125,0
56,207.3,103,0
45,189.3,127,1
68,203.2,95,0
74,213.3,110,0
57,208.9,97,0
74,188.7,106,1
55,146.2,161,0
36,218.0,115,0
49,152.0,92,0
44,255.0,132,0
53,164.4,117,0
63,196.9,126,0
46,235.0,135,0
55,187.7,107,0
58,162.2,121,0
48,193.8,103,0
46,233.8,114,0
57,205.6,128,0
66,204.8,124,1
49,196.9,115,1
48,248.0,115,0
54,156.4,110,0
59,217.9,115,1
50,292.0,116,0
52,203.4,111,0
53,234.7,114,1
44,171.6,109,0
54,184.3,133,0
50,204.8,127,0
73,212.6,118,1
50,165.4,131,0
61,239.2,137,1
60,190.3,124,0
44,225.5,125,0
42,193.9,97,0
51,254.8,96,0
63,203.9,122,1
50,170.1,131,0
49,244.5,139,1
29,137.1,115,0
52,189.4,109,0
59,196.2,103,0
61,247.9,132,0
61,226.0,121,0
52,209.9,127,1
54,265.6,122,0
65,215.3,118,0
55,154.5,92,0
31,147.0,88,0
67,157.7,122,0
44,196.3,100,0
71,210.6,124,1
75,229.0,134,1
64,217.8,133,0
66,217.2,101,0
76,280.5,126,1
44,209.5,117,0
59,174.4,149,0
59,188.0,117,0
45,179.2,88,0
78,214.5,108,1
50,145.2,139,0
48,239.9,96,0
59,158.7,126,0
67,229.2,119,0
49,232.8,104,0
49,226.3,104,0
62,214.9,136,1
40,196.9,96,0
48,261.6,147,0
47,228.1,94,0
51,151.5,126,0
54,226.5,127,0
76,175.4,121,1
66,241.3,105,0
56,234.6,139,0
54,301.9,120,0
66,217.1,109,0
61,200.9,137,0
66,200.6,111,0
71,237.7,130,1
45,218.8,98,0
31,208.9,133,0
56,252.2,108,0
57,226.3,152,0
59,151.6,120,0
49,184.2,108,0
53,208.6,96,0
62,227.3,130,1
63,166.0,129,1
71,257.9,137,1
32,177.4,113,0
38,230.5,110,0
72,248.2,97,0
63,185.8,120,0
65,237.0,136,1
53,249.3,144,1
51,208.8,130,0
58,232.4,130,0
46,156.0,114,0
39,151.1,107,0
44,215.2,88,0
57,137.0,134,0
63,186.7,133,1
74,213.3,133,0
60,234.0,117,0
61,261.6,135,1
75,254.9,133,1
47,152.1,107,0
45,186.8,110,0
50,218.8,117,0
55,190.1,118,0
78,235.6,102,1
52,165.4,121,1
70,178.0,120,0
51,304.6,133,1
61,191.9,156,0
63,206.9,88,0
62,252.1,139,0
64,210.9,117,1
48,253.4,105,0
72,313.9,116,0
67,224.2,129,1
48,318.1,124,0
62,194.9,161,1
44,120.0,106,0
57,221.2,107,0
43,221.4,88,1
64,164.0,111,0
85,173.4,136,1
72,182.9,94,0
64,147.9,107,0
46,200.4,113,0
60,182.5,106,1
69,279.8,142,0
55,247.9,118,1
57,198.0,121,0
37,187.2,103,0
47,254.8,104,0
36,224.8,133,0
77,162.2,125,0
61,216.5,101,1
64,227.8,120,0
54,213.4,125,1
40,232.9,132,0
58,190.5,141,0
49,134.7,132,0
45,240.0,123,0
57,167.5,120,0
57,189.6,110,0
54,215.0,145,1
47,147.6,114,0
45,193.4,128,0
56,165.0,135,0
69,187.3,107,0
38,155.7,120,0
49,155.1,107,0
54,235.0,99,0
54,228.9,107,1
49,204.6,121,0
77,194.7,153,1
60,160.1,128,0
45,120.0,127,0
35,169.0,108,0
54,189.6,115,0
72,224.9,112,0
58,240.3,106,0
31,186.4,103,0
41,197.3,110,0
57,180.1,88,0
68,204.6,113,1
58,224.5,104,1
58,169.1,142,0
68,208.4,122,0
70,214.1,144,1
49,163.3,120,0
61,164.1,107,0
45,248.6,128,0
44,226.6,88,0
62,193.9,130,1
40,192.3,116,0
58,234.5,139,1
59,167.2,143,0
65,207.6,102,0
43,227.8,96,0
60,174.6,99,0
55,211.4,113,0
72,139.1,119,0
48,201.4,118,0
44,191.5,130,0
62,279.4,118,1
47,206.8,116,0
42,177.6,90,0
66,229.9,140,0
61,215.1,124,0
29,151.1,108,0
46,198.2,130,0
44,270.3,114,1
63,224.5,138,1
72,156.5,129,0
79,208.6,153,1
64,223.5,110,0
44,193.3,125,0
44,251.5,101,0
46,182.3,118,0
61,269.7,115,0
70,189.5,126,0
35,192.1,104,0
63,253.8,134,0
66,150.1,144,1
59,172.7,141,0
85,243.8,154,1
62,264.9,114,0
56,179.3,120,0
63,230.2,100,0
50,157.1,113,1
44,217.9,93,1
61,267.3,124,0
69,201.0,129,1
53,185.1,114,1
66,259.8,133,0
52,228.5,121,0
74,253.0,122,0
58,250.4,93,0
62,204.3,123,1
64,247.2,131,1
41,264.2,104,0
54,189.3,135,0
76,250.4,108,1
56,188.6,129,0
71,268.6,132,1
66,232.0,108,0
36,143.7,123,0
64,216.6,143,0
44,177.5,149,1
59,237.8,120,1
51,195.2,120,0
56,200.2,100,0
55,228.6,115,0
59,188.7,129,0
51,120.0,125,0
41,174.9,88,0
45,175.3,88,0
66,267.5,162,1
75,153.9,145,0
59,273.1,125,0
65,215.1,131,1
67,226.3,113,1
41,188.8,121,0
35,184.6,89,0
55,181.7,104,1
35,267.7,123,0
53,175.7,112,0
40,211.8,138,0
49,207.2,97,1
48,200.5,110,0
62,245.2,104,0
49,220.4,136,0
43,129.7,122,0
57,141.3,143,0
85,201.9,109,0
61,260.0,124,0
35,263.5,105,0
57,190.9,113,0
84,223.1,148,0
58,162.4,112,1
70,225.0,133,1
68,222.8,138,0
69,187.9,146,0
68,206.9,96,0
59,224.2,114,0
54,267.8,111,1
53,275.4,116,0
57,303.2,126,0
61,183.5,119,1
42,120.0,130,0
53,205.9,138,0
56,160.7,105,0
57,224.0,123,1
53,189.1,140,1
65,181.3,98,0
55,201.4,95,0
52,240.7,101,1
42,210.2,115,0
47,198.2,92,0
59,174.2,109,0
57,161.9,130,1
34,204.9,105,0
66,194.6,116,0
48,161.9,133,0
46,218.8,92,0
68,211.0,121,1
69,201.0,141,1
48,259.3,105,1
52,176.8,138,0
43,233.0,88,0
65,214.9,138,1
66,227.1,114,1
51,205.2,123,0
71,250.2,147,1
66,268.5,140,1
55,153.7,115,0
64,255.0,127,0
38,183.0,113,1
53,216.2,101,0
59,217.3,145,1
56,184.4,88,0
79,196.6,130,1
59,213.5,134,0
60,183.7,111,0
41,221.8,117,0
54,146.1,113,1
47,192.0,115,0
82,272.1,133,0
51,194.7,133,1
57,169.2,150,0
69,209.0,107,0
63,170.2,129,0
40,224.2,130,0
63,212.7,115,0
64,199.6,143,1
54,229.6,88,0
61,204.0,140,1
57,177.9,119,0
41,182.5,108,0
50,170.8,116,0
56,162.3,139,0
50,223.4,111,0
62,182.3,103,0
67,187.1,101,0
59,239.6,110,0
52,150.6,112,0
71,181.5,111,0
58,183.9,129,0
60,265.9,112,0
48,192.1,118,1
54,209.0,108,0
67,212.5,123,1
64,161.5,118,0
54,216.6,121,0
56,235.9,121,1
58,269.4,134,1
46,190.2,111,0
54,225.2,126,0
50,235.0,117,1
41,197.6,124,0
58,285.1,133,1
54,277.0,145,0
40,250.1,113,1
47,151.1,126,0
55,194.3,114,0
29,217.6,88,0
58,209.1,121,1
59,141.9,130,0
63,217.6,143,0
49,277.3,119,0
40,257.7,116,1
63,241.5,110,0
41,199.2,141,0
62,208.8,109,0
49,212.1,117,0
45,179.8,127,0
59,189.0,115,0
68,219.2,135,1
54,282.1,90,0
53,225.4,115,0
37,203.7,123,1
65,252.2,88,1
57,269.8,92,0
53,248.3,124,0
70,174.6,96,0
39,261.0,101,0
50,235.4,134,0
56,158.1,91,0
53,191.0,134,1
29,120.0,109,0
60,177.3,121,0
56,202.2,88,1
67,223.2,134,1
78,203.7,107,0
54,211.5,112,0
60,188.1,144,0
59,222.9,103,1
58,205.8,110,0
54,226.5,95,1
60,243.1,97,0
68,240.4,123,1
47,190.3,124,1
77,151.5,125,1
62,227.4,115,1
59,152.3,121,0
31,219.5,123,0
56,250.0,105,0
45,236.4,134,0
62,255.4,104,0
67,252.7,115,1
69,179.7,142,0
54,154.2,120,1
55,120.0,122,1
61,211.4,100,0
33,208.2,118,0
51,214.5,136,1
50,198.4,115,1
62,245.3,139,0
51,212.8,116,0
64,148.0,100,0
54,149.8,117,0
65,256.7,131,1
80,238.2,139,1
73,158.8,129,0
66,259.5,123,1
69,196.1,143,1
52,247.2,131,1
48,182.6,103,0
47,243.0,103,0
58,235.0,130,0
72,196.7,105,0
48,181.7,110,0
61,258.6,115,0
42,209.5,100,0
43,154.8,139,0
65,172.2,128,1
48,180.3,105,0
48,192.6,92,1
78,170.6,116,1
57,269.7,128,1
56,167.8,113,0
53,162.3,115,0
61,136.2,120,0
48,192.3,95,0
57,192.5,127,0
68,238.7,134,1
52,182.7,129,1
30,186.1,96,1
49,193.2,110,0
64,208.1,131,0
68,195.6,133,0
60,180.8,121,0
72,220.3,137,1
45,239.2,104,0
70,308.5,116,1
58,163.6,112,0
63,173.1,128,1
29,182.3,88,0
66,242.8,102,1
59,214.8,123,0
77,192.8,122,1
58,237.2,88,0
45,146.0,106,0
47,184.1,113,0
60,174.5,133,1
59,167.0,117,0
49,148.6,120,0
44,171.1,110,0
73,186.9,132,1
53,143.2,118,0
55,145.7,102,0
50,170.0,106,0
71,230.3,119,1
68,165.0,101,1
45,210.5,121,0
55,202.5,120,0
46,214.9,99,0
76,151.8,139,0
61,172.2,118,0
53,224.2,131,0
52,274.9,114,0
62,181.9,145,0
53,135.5,107,0
73,224.4,138,1
46,250.3,136,1
42,201.0,114,1
72,186.4,115,0
51,174.2,118,1
72,251.4,126,1
66,304.3,109,1
41,248.2,130,1
49,223.2,100,0
57,222.4,122,1
54,198.4,131,0
59,210.3,134,0
49,194.6,124,0
55,133.1,136,0
67,120.0,107,1
71,230.5,109,1
47,191.2,123,0
53,175.3,121,0
55,209.2,119,0
41,200.9,104,0
66,169.4,113,0
62,160.3,138,0
62,234.9,129,1
55,164.2,146,0
66,213.4,115,0
67,210.5,129,1
69,197.9,139,0
54,190.8,121,0
60,201.9,109,0
52,196.1,98,1
52,154.6,126,0
67,200.6,120,1
57,227.2,110,1
54,261.9,124,0
63,260.5,113,1
63,120.0,139,0
48,235.3,106,0
49,198.1,117,1
64,165.7,130,0
62,197.4,135,0
54,250.6,145,0
69,217.3,110,0
55,185.2,97,0
35,160.3,118,0
47,189.4,114,1
40,181.3,105,0
69,172.6,113,1
62,143.0,137,0
57,165.1,137,1
31,197.1,126,0
40,120.0,117,0
54,162.3,147,1
36,280.8,107,0
66,228.2,147,0
55,273.9,100,0
54,240.1,114,0
55,241.8,114,1
46,225.2,88,0
45,174.9,142,0
35,198.9,117,0
56,260.9,123,0
60,215.8,126,0
53,189.4,125,0
53,198.3,143,1
46,253.0,138,0
59,154.3,118,0
29,259.1,110,0
44,185.1,115,0
49,191.0,125,0
50,180.6,117,0
58,210.1,126,1
54,204.9,133,0
58,219.7,136,1
70,194.9,133,1
71,167.9,124,0
63,181.2,123,1
70,171.9,128,0
75,158.1,138,0
60,221.7,124,0
41,210.7,132,0
67,138.6,124,0
45,150.1,103,0
76,253.8,141,1
75,234.9,105,1
50,247.0,130,0
44,160.1,114,0
48,120.0,110,0
55,134.6,111,0
70,222.7,104,0
42,142.2,88,0
66,264.6,119,0
33,188.2,118,1
69,226.2,114,0
55,225.5,134,0
58,245.2,107,0
55,206.4,127,1
66,223.2,122,0
60,132.1,111,1
75,169.7,111,0
36,207.2,127,0
46,201.6,113,1
41,178.1,88,0
64,177.1,116,0
37,217.7,94,0
83,226.8,126,1
57,188.1,140,0
69,288.3,138,1
45,184.2,122,0
58,175.9,116,1
63,253.4,136,1
48,161.0,127,0
53,173.4,133,0
73,226.5,111,0
70,275.4,132,1
62,188.5,140,0
78,135.9,112,0
35,234.7,112,0
59,203.4,115,0
52,237.4,110,0
72,231.6,121,0
68,259.4,116,0
69,215.0,116,0
49,128.6,117,0
62,202.8,130,1
68,269.7,119,0
70,279.0,127,1
46,242.9,88,1
48,206.6,132,0
59,162.2,121,0
71,271.4,118,1
63,167.3,88,0
71,212.4,135,1
35,180.6,95,0
53,220.7,134,1
61,228.8,108,1
59,314.4,93,0
35,249.3,123,0
68,207.1,127,1
60,194.3,88,0
51,154.0,143,0
69,240.9,112,1
37,122.7,88,0
50,140.4,148,0
66,204.7,110,1
60,213.7,101,0
54,185.3,118,0
54,227.3,122,0
53,184.6,108,0
66,264.8,134,1
53,219.0,120,0
63,192.1,151,1
33,153.8,112,0
70,281.2,116,1
83,201.4,144,1
61,145.9,125,0
55,228.1,120,0
50,176.9,114,0
64,299.9,145,1
49,178.9,130,0
47,145.5,117,0
33,129.8,111,0
59,128.3,107,0
53,230.0,100,0
53,275.2,106,0
56,213.4,118,1
48,187.7,107,0
58,162.7,120,0
44,226.6,137,0
55,154.0,88,0
53,179.2,105,0
37,179.5,105,0
43,239.0,107,0
49,229.1,120,0
50,255.8,121,1
59,295.5,124,1
52,195.3,115,0
55,280.9,148,0
52,263.1,102,1
29,198.4,89,0
55,260.5,131,1
47,240.2,115,0
54,269.8,107,0
48,120.0,119,0
63,172.7,123,0
55,152.9,104,0
64,220.5,120,1
65,219.8,132,1
50,151.6,110,0
65,183.2,151,0
59,211.3,103,0
44,190.5,101,0
55,203.3,135,1
57,188.4,129,0
70,165.2,118,0
52,225.0,132,0
73,162.1,115,0
64,239.2,135,0
33,198.5,104,0
45,233.2,100,0
62,241.8,96,1
40,135.5,117,0
61,159.0,108,0
71,120.0,161,1
53,144.2,130,0
71,169.0,122,0
71,244.5,116,0
55,222.5,146,0
56,134.0,139,0
58,232.4,129,1
61,181.9,108,0
39,199.7,120,0
54,203.0,95,0
38,180.9,105,0
52,246.4,138,1
54,144.3,107,0
36,213.0,92,0
42,247.3,99,0
52,185.7,93,0
80,193.4,127,0
41,156.5,104,0
57,211.8,130,0
46,210.0,132,0
52,212.0,99,0
67,123.6,133,0
59,267.8,158,1
61,239.9,117,0
61,198.9,131,0
62,227.4,132,1
32,136.2,103,0
60,220.8,101,0
55,173.7,116,0
60,219.7,94,0
65,167.3,129,0
61,187.8,112,0
64,227.0,130,1
43,173.5,107,0
61,212.1,120,0
55,198.4,119,0
55,252.1,106,1
70,242.4,119,0
51,207.3,95,0
49,286.2,121,1
42,208.3,128,0
53,178.4,137,0
68,277.5,108,1
38,177.6,110,0
59,190.9,133,0
29,148.6,106,0
48,192.7,129,0
61,234.4,132,0
50,130.7,120,0
43,190.6,110,0
52,139.4,130,0
67,261.1,118,1
72,213.4,117,1
73,266.1,129,1
64,203.2,125,0
60,139.9,110,1
67,191.5,140,1
43,325.7,88,0
45,197.2,128,0
70,252.8,139,1
65,174.9,135,0
66,192.9,139,1
58,237.4,121,0
47,248.3,106,0
44,238.4,154,0
66,168.4,151,0
68,145.3,126,1
44,138.1,113,0
48,167.9,116,0
55,186.2,121,0
66,226.7,159,1
52,127.9,129,0
47,140.3,105,0
67,217.7,119,1
63,206.3,123,0
48,181.9,101,0
49,266.0,110,0
68,168.5,130,1
42,226.8,105,0
53,204.3,93,0
61,191.5,144,1
58,170.7,115,0
66,140.8,137,0
37,139.6,98,0
56,187.1,132,0
59,169.7,120,0
60,173.1,116,1
62,199.0,129,1
43,241.5,102,0
72,229.4,142,1
61,205.1,146,0
62,165.9,115,1
50,187.6,107,0
58,213.2,133,0
71,181.0,149,1
56,218.2,112,1
58,201.2,132,0
59,224.4,138,1
38,303.6,98,1
54,209.5,100,0
64,221.8,133,1
51,184.8,140,1
56,232.5,105,0
56,173.4,135,0
39,196.2,111,0
65,135.4,134,0
41,259.8,133,0
61,245.6,117,1
55,161.9,92,0
52,260.3,108,1
57,213.4,112,0
64,232.2,135,0
65,214.6,114,1
51,190.6,103,0
54,233.3,113,0
47,182.3,133,1
40,150.5,99,0
66,258.3,132,0
44,192.0,95,0
48,231.5,156,0
60,202.6,91,0
41,226.8,121,0
61,139.3,128,1
47,226.4,102,0
43,211.6,106,0
50,166.4,118,0
47,223.5,115,0
59,230.8,113,0
72,215.9,124,1
63,238.9,90,1
61,177.3,136,1
49,162.6,121,0
53,144.7,139,0
57,223.8,110,1
55,211.0,111,0
57,139.8,119,0
43,220.8,111,0
75,249.2,143,1
41,269.9,122,0
54,201.3,114,0
65,269.2,123,1
47,138.8,119,1
67,257.2,144,1
40,232.0,113,0
47,189.5,114,0
30,219.1,107,0
67,129.4,124,0
42,199.4,139,1
48,215.1,128,1
64,212.3,116,0
59,237.2,91,1
67,240.6,161,1
62,152.7,111,0
65,226.8,124,0
50,173.8,116,0
54,247.7,130,1
63,219.5,129,0
64,247.3,119,0
66,304.7,146,1
47,247.2,104,0
43,120.0,137,0
42,151.6,126,0
50,202.4,140,0
54,216.7,142,1
42,202.1,120,0
53,201.3,142,0
62,242.4,115,1
66,180.7,146,0
49,217.4,113,0
62,193.0,135,1
41,237.6,128,0
48,208.7,125,1
56,164.6,152,1
48,159.9,127,0
47,276.7,88,0
58,231.5,97,0
44,227.8,104,0
57,186.9,101,0
54,189.1,95,0
61,126.6,122,0
64,239.5,127,1
57,205.1,123,1
50,246.2,135,1
66,262.8,126,1
57,210.0,116,0
46,215.0,101,0
57,247.8,120,0
49,185.7,114,0
29,222.5,107,0
45,125.9,108,0
51,223.5,103,0
50,190.1,127,0
38,199.2,108,0
51,161.3,110,0
60,174.2,114,0
43,172.1,88,0
58,203.9,108,0
33,157.9,119,0
61,148.8,125,0
49,276.5,129,0
41,218.0,136,0
67,174.1,96,0
60,191.6,114,0
66,205.5,123,0
59,221.9,128,1
59,168.0,124,0
51,172.2,126,0
60,234.0,115,0
54,305.0,110,0
48,226.6,137,1
53,203.2,140,0
41,143.8,133,0
55,226.5,150,0
60,164.7,115,0
57,241.8,137,1
61,199.8,121,0
52,173.2,116,0
56,251.0,164,0
56,196.8,95,0
76,191.0,132,0
41,195.4,119,0
77,303.0,146,1
47,215.5,132,1
52,209.2,103,1
58,136.9,130,0
62,272.3,126,1
55,151.9,150,1
58,208.9,135,0
70,202.8,137,1
84,219.6,131,1
60,206.2,132,0
63,152.5,113,0
54,195.7,123,0
73,175.3,152,0
54,153.9,104,0
61,196.5,106,1
44,235.2,104,0
29,198.0,111,0
80,187.9,122,0
67,247.5,134,1
65,275.8,133,0
45,143.6,115,0
38,137.9,111,0
53,269.7,108,0
57,180.1,126,0
63,241.1,114,0
55,174.6,122,1
69,225.3,126,1
59,231.0,107,0
59,152.6,109,0
68,257.7,181,1
48,169.7,138,0
60,206.0,132,0
49,182.9,111,0
48,215.4,125,0
72,234.1,141,1
67,177.1,129,1
61,252.4,110,0
70,201.9,125,0
59,220.3,130,1
70,237.5,117,0
46,184.1,132,0
54,202.5,93,0
60,239.7,101,0
44,142.7,126,0
48,188.8,107,0
42,276.8,108,0
63,185.2,95,1
50,262.6,124,0
58,253.1,131,0
61,252.8,156,0
54,241.1,94,0
56,200.1,112,0
57,216.7,151,0
60,267.4,124,1
70,155.4,129,0
43,250.7,125,0
56,194.1,115,0
42,263.2,115,0
71,278.6,126,1
36,223.1,133,0
57,245.4,119,0
51,177.3,124,1
49,230.0,120,0
63,227.1,119,0
61,241.3,112,0
45,259.1,119,1
60,205.7,126,0
59,181.0,128,0
47,197.2,134,0
40,205.0,110,0
64,194.6,131,0
63,225.7,128,1
61,224.8,111,1
50,192.5,143,0
69,265.2,143,0
85,186.9,123,1
57,233.9,122,0
61,222.3,104,0
46,184.2,116,0
47,219.8,114,0
74,131.7,141,0
80,232.6,112,0
53,221.6,104,1
48,196.1,102,1
45,196.4,98,0
49,163.2,110,0
56,156.9,128,0
42,150.5,127,0
47,188.7,106,0
65,144.4,128,0
53,172.2,121,0
47,232.8,100,0
42,179.9,132,0
67,158.2,106,0
44,245.0,136,0
54,176.8,100,0
66,170.4,136,1
61,168.7,109,1
58,245.3,120,1
58,205.0,119,1
45,192.6,109,0
47,220.2,128,1
50,196.4,126,0
29,194.5,130,0
51,166.8,107,0
54,215.4,91,0
54,163.5,137,0
54,205.0,120,1
57,139.9,121,0
58,212.6,139,0
73,255.9,133,0
57,219.8,108,0
64,206.0,137,0
49,197.2,134,0
59,194.4,104,0
58,120.0,122,0
53,236.2,104,1
36,210.2,135,0
40,157.2,139,0
60,202.7,136,0
55,248.2,128,1
53,154.3,124,0
48,199.0,101,0
56,225.9,127,0
62,178.1,142,0
76,236.6,141,1
55,168.4,128,1
53,245.8,119,0
58,189.5,104,0
68,178.0,130,0
81,229.9,175,1
62,138.7,108,0
40,186.5,101,0
56,196.1,104,0
43,271.1,112,0
45,219.7,139,0
75,257.2,133,1
52,172.0,141,0
48,155.1,116,0
71,154.6,125,0
56,229.3,150,0
43,158.4,136,0
56,153.4,105,1
40,233.4,129,0
46,233.5,108,0
58,187.5,106,1
29,172.9,116,0
64,201.9,107,1
58,173.6,129,0
65,172.3,142,1
51,206.3,110,0
60,205.2,137,1
45,163.0,101,0
46,233.7,123,0
57,281.4,126,0
56,166.7,126,0
56,192.5,120,0
71,128.4,140,0
53,240.6,126,0
61,152.6,111,1
60,204.5,136,0
58,226.2,145,0
60,235.0,109,1
37,145.4,88,0
50,169.3,130,0
68,198.7,144,0
53,138.0,106,0
63,179.8,154,1
61,226.4,114,0
29,223.6,131,0
41,143.7,132,0
48,161.9,138,0
48,167.7,119,1
51,247.5,145,0
51,174.7,111,0
47,200.3,132,0
48,239.4,130,0
34,214.1,113,0
77,240.9,137,1
71,257.1,122,1
65,141.3,145,0
55,213.9,107,0
46,203.4,122,0
83,193.6,99,0
45,234.1,133,1
71,257.7,124,1
59,181.4,125,0
46,139.1,113,0
47,120.0,121,0
51,275.8,117,0
49,176.1,140,0
40,203.8,130,0
60,206.2,111,0
46,255.0,88,0
64,152.5,146,0
54,192.2,123,0
57,171.3,115,1
57,184.7,133,0
51,157.1,88,0
55,161.3,113,0
58,211.3,132,0
81,222.8,120,1
42,147.9,94,0
48,190.6,112,0
51,158.8,118,0
42,221.3,114,0
41,223.7,132,0
39,235.4,122,1
55,191.4,116,1
50,176.3,125,0
57,202.9,127,0
40,173.4,135,0
46,197.0,129,1
65,188.4,160,0
64,162.5,134,0
38,202.0,110,0
64,239.8,123,1
49,224.1,99,0
43,149.9,102,0
63,257.8,127,0
65,143.5,140,0
29,161.4,99,0
65,212.7,111,1
50,201.4,129,0
49,187.7,105,0
51,181.7,151,1
67,195.0,148,1
69,249.9,134,1
59,246.4,121,0
63,211.9,125,1
78,178.0,138,1
55,226.8,115,0
44,250.9,109,0
61,234.0,108,1
63,182.6,144,0
53,187.5,109,0
53,253.7,120,1
78,228.4,160,1
52,162.7,121,1
45,245.3,104,0
29,168.1,117,1
64,273.8,109,1
69,305.0,129,0
42,255.7,117,0
61,238.2,113,0
51,204.2,122,0
56,152.0,119,0
48,174.0,118,0
55,161.8,114,0
64,188.8,121,0
49,213.5,104,0
48,180.3,163,1
44,230.8,157,0
67,181.1,126,0
46,217.1,126,0
62,252.4,122,1
41,168.6,97,0
32,184.5,106,0
49,162.5,165,1
58,177.3,124,0
67,218.6,96,1
64,216.5,127,0
59,237.1,121,1
29,159.2,137,0
60,213.9,126,1
39,219.0,101,0
47,193.8,102,0
75,225.0,112,1
66,152.2,131,0
43,159.6,91,0
51,244.5,105,0
64,141.6,124,0
54,131.5,140,0
53,206.1,124,1
43,136.6,111,0
61,263.5,124,0
63,255.6,138,1
46,169.3,123,0
33,193.7,127,0
75,178.9,145,0
48,122.2,115,0
60,215.6,110,0
46,138.8,117,0
47,220.8,126,1
66,265.3,123,1
52,213.3,102,0
64,263.6,126,0
64,204.1,122,0
50,230.7,119,1
59,240.2,125,1
64,192.4,143,1
69,232.9,110,1
52,206.3,92,0
55,143.6,134,0
45,166.8,118,0
64,181.0,113,0
56,166.4,106,0
41,164.7,102,0
52,246.9,137,1
54,176.5,115,0
49,217.9,113,0
48,263.4,94,0
37,188.3,108,0
56,184.7,124,0
51,213.1,136,0
65,140.7,129,0
54,171.3,104,1
65,214.0,97,1
42,120.0,112,0
60,253.5,137,1
63,228.8,107,1
64,256.7,128,0
52,183.6,101,0
46,194.9,150,0
74,249.9,119,0
53,272.2,101,0
42,229.8,118,0
53,221.5,100,0
59,271.0,103,1
48,232.9,117,1
60,127.6,142,0
65,221.6,118,1
55,208.8,112,0
67,235.3,97,0
54,226.9,133,0
51,191.0,116,0
73,219.9,117,0
63,171.3,143,0
57,231.8,101,0
36,192.7,133,0
41,191.3,100,0
37,243.5,129,0
55,224.8,106,0
55,233.0,105,0
60,202.5,130,0
67,194.2,125,1
39,198.8,126,0
41,206.1,104,0
46,201.9,112,0
61,215.3,128,0
59,225.5,101,0
44,239.3,108,0
48,159.1,108,0
60,172.6,121,0
56,120.0,114,0
67,214.8,118,0
47,152.0,118,0
54,129.6,90,0
45,190.9,106,0
68,174.2,118,1
67,247.9,128,1
61,254.6,113,1
66,234.0,114,1
71,196.7,101,1
72,160.1,129,1
74,180.0,111,0
48,161.8,129,1
47,182.8,122,0
70,199.5,106,1
51,266.9,113,1
37,223.7,129,1
51,272.1,113,0
67,219.0,136,0
51,167.2,110,0
64,184.1,130,1
59,204.1,88,0
41,209.3,122,0
61,250.3,94,0
56,181.5,106,0
50,185.4,113,0
40,201.0,128,0
74,264.8,115,1
46,180.9,121,0
34,209.9,105,0
65,167.2,153,0
51,216.1,95,0
69,229.9,160,0
55,224.9,118,0
56,253.8,127,0
62,205.0,125,1
57,229.3,113,0
57,170.3,120,0
68,165.7,119,0
46,195.5,132,0
62,197.5,141,0
59,270.1,114,1
38,219.3,122,0
68,264.1,136,0
64,223.3,116,1
73,245.7,150,1
51,190.1,123,0
44,222.0,105,0
85,201.2,138,1
45,178.2,90,0
47,120.0,107,0
62,221.8,148,1
51,234.8,117,0
61,232.1,124,1
41,204.7,107,0
37,175.5,98,0
50,120.0,106,0
63,163.5,161,0
56,198.7,114,0
69,238.0,124,1
53,247.8,110,0
58,248.0,110,0
46,172.6,109,0
40,186.1,126,0
43,147.1,88,0
47,128.0,105,0
78,184.4,148,1
42,165.0,98,0
46,163.5,136,0
71,242.8,121,0
49,255.8,90,0
62,176.6,132,0
31,252.9,88,0
45,132.4,116,0
62,223.4,129,0
37,214.4,116,0
58,151.7,115,0
56,241.3,138,1
50,185.6,106,0
53,211.9,138,1
64,251.8,111,1
55,228.7,119,1
67,193.1,113,0
65,207.0,108,1
73,280.0,115,0
51,134.9,93,0
58,240.9,119,0
44,233.0,91,0
63,279.6,128,1
48,249.9,138,0
63,149.7,120,1
53,224.8,137,1
54,216.5,105,1
58,237.3,118,0
48,268.6,110,0
49,213.1,123,1
49,192.3,146,0
50,192.3,113,0
63,249.5,111,1
52,161.6,135,0
50,225.6,146,0
65,223.2,130,0
63,139.5,141,0
54,221.5,132,1
83,177.9,143,1
44,272.6,88,0
74,179.4,153,1
59,242.9,158,1
67,200.9,113,0
53,162.1,111,0
69,228.4,127,1
45,147.2,113,0
65,201.5,127,1
59,259.5,131,0
66,196.8,123,0
51,285.3,135,0
60,246.9,108,1
47,140.7,127,0
52,285.4,130,0
53,267.0,127,1
49,125.0,127,0
50,189.0,123,0
42,265.7,106,1
54,199.6,115,0
72,214.9,108,1
85,186.8,158,1
47,200.2,96,0
48,219.1,123,0
60,279.4,112,0
61,181.4,132,1
42,201.2,108,0
31,254.6,145,1
59,227.9,131,0
71,165.2,135,0
71,245.7,121,0
56,219.8,111,1
71,148.5,113,0
54,257.4,131,0
41,143.5,99,0
54,249.8,127,1
67,220.6,118,0
57,231.4,124,1
50,153.9,103,0
56,175.9,121,0
60,211.4,104,0
57,181.6,121,1
59,164.0,114,0
60,188.6,110,0
68,175.6,118,1
57,209.0,127,1
54,171.7,98,1
60,120.0,114,0
62,275.4,88,0
37,193.0,136,0
69,235.8,142,1
75,135.6,137,0
56,158.8,126,0
63,208.4,121,1
48,285.5,135,0
63,223.6,118,0
47,180.7,108,0
58,211.7,112,0
62,149.7,140,0
47,155.0,118,0
44,228.3,128,0
52,203.4,126,0
50,207.8,149,1
52,248.7,97,0
44,204.2,104,0
68,149.2,117,1
53,266.0,126,0
61,233.3,126,1
38,234.5,114,0
49,177.4,119,0
73,232.7,124,1
46,260.1,123,1
59,181.4,129,0
79,250.7,157,0
56,260.4,128,1
72,288.3,136,0
46,150.9,106,0
51,158.0,122,0
55,171.6,108,0
50,199.9,129,0
60,201.3,146,0
36,197.1,123,1
44,215.5,122,0
70,181.3,117,0
57,227.3,118,0
61,163.3,134,1
74,207.0,137,0
37,135.1,96,0
29,253.4,98,0
75,120.0,95,0
41,172.2,120,0
57,144.6,130,0
38,215.0,96,0
29,213.8,113,0
55,194.8,108,0
61,163.1,112,0
47,139.3,137,0
29,155.4,119,0
59,206.8,104,0
77,265.5,121,1
37,211.1,120,0
64,253.5,142,1
59,203.6,115,0
35,186.7,113,0
67,226.2,132,1
58,216.8,114,1
54,176.4,107,0
70,239.9,127,1
56,217.7,104,0
70,189.4,152,1
85,244.6,136,0
58,185.1,104,0
61,200.3,105,0
50,183.3,124,0
73,216.4,137,1
42,228.8,95,0
50,151.0,112,0
55,220.6,124,0
54,194.1,133,0
48,171.9,131,0
66,163.4,124,1
53,228.3,88,0
32,176.6,103,0
69,222.3,128,1
75,228.6,121,0
50,260.0,125,0
71,270.9,125,1
50,236.7,98,0
45,235.9,88,1
46,284.3,101,0
74,232.7,116,0
71,241.5,133,1
64,233.8,132,0
45,175.4,130,1
65,214.6,110,0
44,205.1,130,0
63,218.7,122,0
50,211.0,101,0
50,200.6,129,0
50,231.1,130,1
33,149.2,128,0
37,212.9,97,0
54,177.5,101,0
44,120.3,132,0
65,155.3,109,0
69,211.9,127,1
39,222.4,138,0
39,176.7,105,0
54,200.7,114,1
77,237.0,127,1
47,187.3,124,0
61,231.7,143,1
38,249.7,102,0
46,244.2,115,0
61,181.3,131,1
53,164.1,128,0
61,282.9,126,1
57,252.7,117,0
56,262.0,133,1
55,218.5,122,1
71,194.1,118,0
55,233.9,115,1
65,172.3,112,1
53,196.2,98,0
57,229.3,112,0
44,208.9,113,0
33,163.1,119,0
51,225.4,101,0
57,198.5,141,1
50,231.1,88,0
62,201.2,111,1
47,198.9,117,0
40,160.0,129,0
39,268.1,95,0
63,271.4,131,1
46,170.3,152,0
56,190.1,125,1
40,244.6,102,0
46,158.6,112,0
55,245.8,126,1
67,246.0,106,1
44,184.2,105,0
39,239.5,110,0
55,221.4,109,0
57,214.6,127,0
50,215.9,127,0
69,224.9,137,0
36,153.2,139,0
46,204.7,123,0
55,199.9,119,0
45,191.6,108,0
59,226.0,121,0
55,193.9,112,0
52,211.5,133,1
82,246.2,166,1
44,172.6,113,0
52,201.1,136,0
60,174.9,127,0
47,192.1,104,1
57,237.1,138,1
65,229.6,127,0
57,141.1,118,1
63,175.9,119,0
51,217.3,100,0
52,120.0,121,0
76,201.0,141,0
60,165.4,124,0
66,209.3,108,1
48,120.0,98,0
53,188.1,160,1
68,206.7,121,0
56,135.7,117,0
41,212.9,130,0
45,209.8,119,1
54,228.6,129,0
72,172.5,108,1
61,217.0,129,1
47,193.8,135,1
55,233.1,137,0
56,227.2,97,1
37,170.9,126,0
55,206.6,122,0
51,223.8,127,0
54,196.5,125,0
45,226.2,124,0
59,219.3,138,1
51,208.4,127,0
47,177.4,99,1
76,184.6,148,0
51,125.1,123,0
40,120.0,88,0
69,159.7,135,0
71,215.0,149,1
45,167.9,119,0
50,187.0,113,0
53,208.5,122,0
51,120.0,118,0
40,184.9,112,0
43,269.2,145,1
79,212.0,126,1
48,166.3,153,0
49,179.9,101,0
64,162.3,108,0
50,208.9,137,1
48,276.0,109,1
44,270.5,141,0
61,134.8,117,0
57,184.4,122,0
67,237.8,122,1
50,179.2,146,0
69,287.6,147,0
57,165.1,126,1
49,227.4,113,0
60,193.4,88,0
59,175.0,127,0
58,126.1,110,0
47,202.8,119,0
54,234.3,144,1
53,226.2,143,1
63,236.7,118,1
69,217.5,134,1
64,217.4,116,1
63,255.3,109,0
67,135.6,112,0
69,251.8,141,0
51,201.4,110,0
42,144.2,120,0
57,214.4,130,0
72,141.6,146,0
41,220.6,132,0
45,188.3,107,0
56,168.9,146,0
49,262.2,96,0
66,133.6,120,0
56,261.2,111,0
64,242.6,118,0
59,157.6,116,0
60,194.4,130,0
42,147.2,118,0
48,154.1,104,0
34,281.8,152,1
47,163.0,128,0
49,202.9,134,0
59,239.8,112,0
43,182.2,114,0
75,187.4,132,0
69,216.1,125,1
44,194.5,130,0
35,152.0,125,0
38,195.2,130,1
59,164.1,118,0
42,179.5,127,0
52,207.6,103,0
61,246.4,115,0
60,183.3,114,0
63,157.2,147,0
41,189.6,129,0
63,222.5,123,0
63,242.6,139,1
66,207.1,132,0
64,167.3,110,0
41,152.2,95,0
29,133.6,104,0
59,203.7,105,1
73,171.0,138,1
47,178.0,149,0
47,228.2,113,0
57,184.4,115,0
67,210.1,110,1
63,211.0,140,1
42,155.3,96,0
51,176.7,115,0
49,219.7,136,1
62,159.8,124,1
64,254.5,108,1
46,217.0,121,0
46,223.2,113,0
59,186.9,127,0
53,168.8,115,0
47,217.1,110,0
50,278.7,130,1
62,237.2,112,0
52,174.2,124,0
54,129.9,111,0
47,183.8,124,1
62,186.1,132,0
50,154.5,118,0
58,177.1,127,1
57,252.6,121,1
51,170.8,118,1
46,204.2,106,0
55,242.9,122,0
52,235.5,141,0
67,238.3,123,1
46,156.4,95,0
64,226.7,144,0
69,126.7,105,0
63,157.2,130,0
64,230.5,97,0
53,232.2,125,0
61,239.3,163,1
61,212.1,130,1
38,217.3,128,0
52,185.3,119,0
42,148.3,119,0
35,198.4,110,0
55,252.1,139,1
61,270.3,137,0
48,219.1,121,1
61,151.7,114,0
62,211.8,102,1
57,197.8,126,1
50,173.4,125,0
63,213.3,104,0
75,183.1,132,1
33,177.7,97,0
64,241.0,101,0
43,148.8,88,0
65,239.5,124,0
67,189.6,141,1
51,208.9,141,0
51,267.6,92,0
56,178.0,135,1
57,195.5,124,0
54,234.7,114,0
69,232.0,138,0
39,284.8,106,1
50,231.0,114,1
63,209.1,126,1
53,166.6,121,0
53,212.0,112,1
53,284.5,114,1
66,224.0,125,1
64,161.8,141,0
41,183.5,88,1
43,171.4,107,0
51,210.7,131,0
54,192.7,128,0
66,185.2,115,0
55,162.4,129,0
71,201.9,112,0
77,232.8,134,0
46,235.6,136,0
58,185.3,97,0
67,253.2,132,1
59,126.4,132,0
60,267.6,106,0
51,136.3,125,0
50,172.9,122,0
58,197.6,123,1
67,186.4,129,1
45,272.6,107,0
55,178.2,117,0
76,288.7,135,1
54,120.0,138,0
58,121.0,134,0
65,211.3,143,0
62,160.3,133,0
54,140.3,126,0
54,185.1,128,1
73,190.4,152,1
46,168.4,103,0
41,168.7,115,0
68,208.7,141,1
70,231.0,149,1
46,226.2,136,0
66,207.6,124,1
60,150.1,124,0
55,165.8,138,0
58,180.0,141,0
77,240.5,128,1
65,164.0,126,1
63,242.1,140,0
62,151.4,140,1
50,200.9,126,0
53,185.7,122,0
55,226.2,141,0
47,235.0,131,1
62,198.8,103,1
69,189.1,110,0
55,232.9,111,0
47,170.7,107,0
48,207.9,99,1
74,219.0,139,1
50,180.9,112,0
43,166.8,115,0
40,223.1,116,0
51,212.2,144,0
70,170.1,119,1
70,161.9,114,0
63,247.1,120,0
48,272.5,96,0
66,204.4,100,0
54,195.0,110,0
63,238.4,143,1
81,194.9,155,1
54,152.5,123,0
42,221.3,115,0
78,208.5,119,1
55,251.6,118,1
55,210.2,126,0
39,222.2,129,0
65,183.8,146,0
68,231.1,125,1
60,190.2,112,1
69,246.7,115,0
52,256.3,101,0
72,207.8,132,1
65,200.0,124,1
76,147.2,126,0
38,262.2,120,0
43,272.8,88,1
67,258.2,121,1
61,159.4,127,0
47,195.4,105,1
58,171.9,98,0
67,216.2,127,0
70,197.9,128,1
60,196.0,115,0
58,122.8,155,0
62,205.0,98,0
57,238.3,99,1
78,200.0,116,1
52,161.1,141,1
57,168.3,99,0
55,178.2,109,0
74,193.0,116,0
51,178.4,134,0
67,291.7,115,1
56,177.9,123,0
52,191.2,142,0
34,220.1,107,0
56,209.5,90,0
75,177.5,130,1
49,177.2,141,0
29,183.4,107,0
60,218.9,132,0
44,149.0,126,0
37,224.4,116,0
51,235.7,141,1
42,167.2,102,0
68,205.3,124,1
59,230.6,113,0
63,190.9,118,1
50,120.0,149,0
55,168.6,124,0
50,299.9,142,0
59,170.8,121,1
32,179.0,123,0
56,279.2,110,0
67,188.8,108,0
75,190.9,113,0
65,172.0,147,1
58,223.9,105,1
37,155.5,88,0
58,239.5,105,0
34,235.1,150,0
46,257.3,130,1
54,250.7,100,1
53,191.2,141,1
66,150.0,115,0
53,166.0,106,0
42,283.0,88,0
51,200.2,126,0
48,223.5,101,0
68,154.8,167,0
40,238.2,114,0
50,209.3,106,0
66,180.4,135,0
46,235.4,110,1
60,222.6,122,0
56,120.3,118,0
52,226.6,129,1
37,201.2,119,0
56,157.2,123,1
50,184.8,90,0
59,178.8,134,0
40,244.0,122,0
62,233.1,88,0
63,205.6,113,0
71,214.7,116,0
51,217.5,115,0
48,224.8,126,0
66,256.8,134,1
44,260.7,103,1
46,166.2,112,1
53,180.2,120,1
43,193.6,123,0
72,195.7,150,1
66,244.6,160,0
32,164.1,120,0
32,185.2,112,0
49,188.6,101,0
61,239.1,143,1
63,259.0,120,0
71,186.2,145,0
59,180.5,141,1
44,239.5,90,1
61,243.0,117,1
43,222.8,115,0
47,269.2,120,0
38,217.2,112,0
46,203.2,122,0
49,171.2,90,0
50,195.9,125,0
75,250.0,134,1
57,239.0,116,0
60,176.5,121,0
58,161.4,102,0
73,132.6,148,1
46,188.2,126,0
64,241.4,125,0
47,224.0,115,0
54,201.7,151,0
61,172.7,136,0
41,266.1,119,0
52,202.8,116,0
56,202.5,119,1
62,260.4,125,1
54,254.3,104,0
85,232.1,130,1
77,170.0,138,0
32,218.0,108,0
57,239.4,121,0
62,199.8,129,0
60,271.4,106,0
71,198.3,144,1
29,209.3,97,0
44,171.5,132,0
73,196.2,128,0
69,237.5,131,1
81,281.9,120,0
74,149.2,117,0
42,261.2,135,1
67,231.5,125,0
53,131.3,107,0
58,178.8,118,0
57,246.8,117,0
51,134.4,118,0
50,171.0,126,0
65,251.0,119,0
50,278.8,142,1
58,145.2,135,0
61,223.8,101,1
50,247.1,105,0
53,193.1,99,0
69,201.3,118,0
37,171.9,101,0
49,213.8,137,0
41,196.5,120,1
58,187.6,148,1
85,186.7,126,1
42,237.8,91,0
69,171.0,129,0
72,212.2,152,0
32,175.1,95,0
41,223.1,97,0
56,244.9,131,0
45,199.9,112,0
59,225.2,129,0
71,192.0,107,1
64,276.2,119,1
54,176.9,128,0
62,295.9,132,0
60,150.9,130,0
42,180.2,127,0
49,207.9,111,1
61,198.7,109,1
55,120.0,88,0
60,252.1,112,0
66,192.7,126,1
29,236.0,110,0
72,194.5,127,1
35,209.2,108,1
56,242.8,99,1
58,172.7,147,1
54,240.1,132,1
58,213.6,125,0
50,192.4,114,0
48,271.6,115,0
55,273.7,138,0
58,289.3,109,0
48,204.9,120,0
59,151.1,119,0
46,135.8,96,0
49,210.9,105,1
53,179.3,103,0
61,222.3,127,0
52,186.3,121,0
60,146.2,96,0
74,217.9,130,0
51,251.6,109,1
70,199.9,128,1
41,171.9,111,1
63,158.7,144,0
54,209.9,132,1
79,233.6,135,1
50,197.0,108,0
47,215.9,152,0
67,257.3,140,1
60,228.0,125,1
57,120.0,125,0
29,234.7,113,0
60,212.7,141,1
55,150.4,136,0
57,225.7,132,1
47,166.9,144,0
70,170.0,128,0
56,216.4,106,1
53,237.8,119,1
39,246.7,111,1
54,196.6,111,1
44,208.1,89,0
71,198.3,143,1
58,166.3,139,1
49,120.0,102,0
54,239.3,129,1
72,225.1,123,0
57,225.4,116,0
56,201.1,154,0
76,239.4,162,1
60,180.7,123,0
66,259.1,121,0
52,246.7,122,1
51,258.7,134,1
65,173.6,107,1
55,227.5,124,0
60,189.4,138,0
55,187.3,123,0
56,209.7,126,0
54,194.6,96,0
41,133.2,129,0
70,235.3,116,1
49,223.9,90,0
42,199.5,88,0
57,207.5,116,0
48,160.4,122,0
70,228.5,123,1
63,275.9,150,1
49,156.3,109,0
46,179.9,91,0
63,182.2,104,0
48,173.7,141,0
41,221.2,114,0
37,252.4,112,0
63,267.0,133,1
38,142.0,104,0
43,194.8,119,0
63,192.9,106,1
64,252.8,90,0
43,253.1,109,0
49,182.3,148,0
66,141.5,122,0
58,227.3,137,0
51,199.2,88,0
57,237.9,119,1
60,225.7,145,0
43,202.3,125,0
44,170.3,89,0
68,169.3,106,0
75,243.9,118,0
66,175.1,105,0
54,203.9,128,0
48,181.7,115,0
56,170.8,136,0
67,138.1,128,1
69,239.3,113,1
56,267.2,117,0
60,141.7,107,0
40,243.5,125,0
54,120.0,117,0
72,250.1,107,0
54,185.9,103,0
61,212.6,115,1
66,192.6,113,1
65,307.8,145,1
57,197.2,110,1
49,124.3,110,0
32,203.2,135,1
43,255.3,128,0
52,161.9,130,1
64,252.0,138,0
58,122.4,108,0
68,269.4,122,1
42,152.4,88,0
36,224.8,119,0
62,236.5,131,0
75,259.7,120,1
58,258.9,124,0
50,231.1,130,0
65,172.3,121,1
71,192.2,135,1
42,171.1,97,0
52,211.5,102,1
67,183.7,137,1
58,188.9,100,0
47,224.5,129,1
52,263.1,126,0
46,189.0,131,0
40,199.9,110,0
59,206.5,137,0
41,199.7,136,1
54,231.7,140,0
45,204.7,131,0
60,230.5,110,0
52,202.8,105,0
53,128.7,131,0
39,192.7,93,0
58,232.6,113,1
51,173.7,104,0
47,234.5,99,0
60,166.7,136,1
65,198.9,144,1
74,208.8,120,1
58,126.5,126,1
58,171.8,131,0
45,147.3,107,0
48,186.6,114,0
68,225.1,102,1
51,124.0,96,0
75,184.4,119,0
42,206.5,103,0
54,242.5,119,0
54,244.0,128,0
48,191.3,151,0
52,195.3,88,0
54,232.4,88,0
58,223.7,135,1
55,250.4,98,0
67,161.6,142,1
83,237.0,130,1
64,229.0,136,0
60,239.7,136,0
45,120.0,116,0
50,200.7,98,0
37,224.1,111,0
61,242.1,96,0
40,227.8,111,0
63,125.0,155,1
48,171.1,103,0
60,227.3,109,1
62,183.6,89,0
35,137.3,117,0
47,164.1,114,0
60,196.4,135,1
61,222.6,111,1
65,201.4,104,0
52,171.7,127,0
55,233.5,114,1
76,173.2,126,1
58,258.3,144,1
65,187.6,136,1
53,231.8,132,1
39,179.4,93,0
61,305.4,146,1
62,252.7,101,1
66,252.2,151,0
46,154.0,99,1
48,195.1,112,0
32,182.3,88,0
62,163.9,122,0
65,245.9,98,1
49,261.8,116,0
51,173.1,119,0
54,173.6,144,1
73,254.8,153,1
66,230.2,127,1
69,228.0,130,1
54,205.8,119,0
51,168.7,136,0
68,182.8,132,0
38,209.7,102,0
62,215.4,138,0
42,159.5,119,0
65,245.9,116,0
62,195.3,112,0
46,244.2,116,0
58,227.1,114,1
44,224.0,106,0
44,212.6,122,0
52,221.6,128,1
48,199.7,118,0
67,162.5,163,1
79,197.1,147,1
56,224.7,125,1
56,224.6,108,0
64,253.6,113,1
52,148.1,141,0
61,212.3,124,1
35,206.4,120,0
48,247.9,139,0
39,262.3,100,0
35,134.2,106,0
66,222.8,117,0
53,185.5,111,0
73,180.1,108,0
72,220.4,120,1
55,257.7,112,1
51,149.3,110,0
48,195.8,106,0
29,211.4,132,0
50,157.1,124,0
53,214.5,103,0
48,156.1,125,0
45,196.8,115,0
55,192.9,100,0
52,246.8,135,0
57,227.1,129,1
45,174.3,115,0
76,203.2,139,1
62,158.9,146,1
54,222.4,159,0
47,120.0,109,0
45,229.0,142,0
64,163.2,131,0
51,163.6,123,0
56,206.7,119,1
60,189.2,146,1
50,156.3,107,0
59,191.6,135,0
35,241.6,127,0
45,173.4,121,0
35,121.2,104,0
51,249.9,148,1
51,151.2,112,0
75,188.2,142,0
47,228.3,118,0
57,205.5,111,0
60,215.9,143,0
71,213.3,123,0
61,179.4,104,0
64,228.3,131,1
75,209.6,110,0
37,126.3,104,0
49,210.3,125,0
51,183.4,121,1
55,222.9,107,0
49,198.1,134,0
67,161.1,135,1
49,144.3,94,0
48,218.5,100,0
61,174.5,155,0
47,155.1,104,0
44,184.6,128,0
41,210.0,116,0
54,219.8,137,0
67,186.5,111,0
64,196.5,129,1
60,275.2,117,1
57,148.3,122,0
49,158.6,125,0
54,199.9,128,1
42,219.6,104,0
57,182.5,116,1
66,200.7,104,1
38,239.7,117,0
70,222.6,135,1
32,221.4,104,0
47,126.1,121,0
44,152.9,144,0
48,220.8,96,0
51,274.5,139,1
69,248.1,110,0
44,267.9,142,0
45,188.1,111,0
47,236.8,124,0
49,164.5,148,0
48,172.6,107,0
41,197.8,133,0
58,251.9,121,1
54,185.0,137,1
66,210.8,135,0
69,252.2,125,0
38,141.5,88,0
73,261.6,136,0
61,246.4,128,0
69,215.9,136,0
54,278.8,122,0
62,169.7,116,0
62,210.7,114,1
70,247.8,108,0
49,212.3,99,0
49,154.5,127,0
53,180.2,119,1
70,157.5,101,1
72,252.0,136,1
43,239.8,103,0
61,166.2,131,0
55,225.9,126,0
53,125.6,136,1
61,153.1,136,1
76,210.6,124,1
62,189.6,115,0
51,174.7,110,0
49,199.6,141,0
61,154.1,104,0
59,161.5,116,1
68,238.1,135,1
71,154.2,109,0
59,293.3,108,1
63,176.5,101,1
74,197.7,135,1
70,207.3,106,1
46,220.8,94,0
40,159.1,128,0
41,126.3,88,0
37,168.1,103,0
60,240.9,123,0
42,183.0,105,0
63,207.9,117,1
47,208.2,125,0
66,213.6,110,1
63,191.2,132,0
58,250.2,127,0
61,173.5,112,0
42,209.2,126,0
29,158.1,98,0
50,197.4,115,0
61,272.2,116,1
41,228.8,102,1
63,220.9,126,0
62,198.8,92,1
57,267.8,110,0
58,234.2,115,0
54,205.3,129,1
57,170.4,127,0
42,155.5,108,0
67,223.9,149,1
59,195.3,101,0
61,223.0,121,1
47,172.5,118,0
39,173.7,94,0
69,220.3,106,0
39,221.2,116,0
52,177.0,111,0
54,202.1,134,0
58,210.0,113,0
59,186.2,116,1
55,209.0,140,1
40,269.8,95,1
52,289.1,119,0
54,126.3,134,0
61,212.1,123,0
58,199.6,114,1
68,259.4,140,1
65,213.0,99,0
41,170.7,111,0
56,252.6,108,0
60,232.6,124,0
50,141.5,112,1
72,171.9,118,0
49,231.4,129,0
41,193.4,115,0
36,151.0,117,0
50,208.4,129,1
50,265.4,93,0
51,204.5,113,0
31,189.5,105,0
56,271.1,132,1
68,210.9,98,0
48,256.8,124,1
62,210.0,141,0
49,196.5,110,0
47,169.0,126,0
71,155.8,124,0
64,210.0,133,0
66,221.8,140,1
82,180.7,139,1
56,183.9,147,0
56,195.7,109,0
58,141.9,136,0
72,192.0,163,1
66,136.3,121,0
46,180.7,112,0
47,197.9,112,0
60,249.2,108,1
62,136.0,104,0
61,169.5,154,0
62,233.9,115,1
54,223.2,136,0
63,195.1,139,1
63,278.8,139,0
46,177.2,92,0
42,228.5,105,0
59,239.7,128,0
51,135.5,120,0
40,212.9,117,0
65,223.7,121,0
61,159.9,105,0
71,276.5,132,1
55,195.4,114,0
57,270.3,94,1
40,139.6,110,0
72,185.9,112,1
63,230.7,144,0
66,194.6,101,0
53,248.2,107,1
55,185.3,126,1
60,125.7,110,0
48,242.4,143,0
47,188.2,116,0
78,217.4,131,1
60,195.1,129,0
48,227.4,155,0
40,221.2,121,0
43,120.0,123,0
60,221.2,126,0
45,128.7,113,0
44,201.4,142,0
54,195.0,131,1
60,228.3,120,1
70,138.9,112,0
47,188.8,121,1
48,271.2,119,0
60,289.5,100,1
50,145.1,101,0
65,184.9,101,0
51,148.2,129,0
41,181.8,110,1
48,239.3,96,0
39,229.6,100,0
50,168.6,123,0
61,175.7,106,0
56,142.1,106,0
55,173.3,117,0
42,218.2,118,0
47,204.8,102,0
52,236.8,91,0
58,235.8,136,1
84,257.9,132,1
48,228.5,124,1
66,174.5,123,0
43,219.7,111,1
44,151.6,120,0
34,120.0,115,0
47,128.7,123,0
67,201.4,139,1
55,231.7,109,1
69,232.0,122,0
50,133.6,108,0
67,196.6,118,1
50,227.5,88,0
65,216.9,96,0
74,201.5,139,0
53,172.2,101,1
41,158.3,101,0
76,219.5,135,1
46,251.3,94,0
49,268.3,146,1
52,133.0,142,0
66,219.6,92,0
63,281.0,140,1
63,138.1,137,0
53,205.8,133,0
54,265.1,96,0
65,254.9,120,1
74,270.6,133,1
42,200.4,111,0
69,219.3,131,1
66,277.8,126,1
63,219.6,142,1
48,239.1,92,1
57,254.4,134,0
60,190.1,135,0
49,224.5,140,0
69,260.4,96,1
51,231.0,89,1
73,233.6,117,1
39,235.1,123,0
41,251.5,103,0
35,223.8,137,0
64,227.8,107,0
46,179.3,124,0
47,205.6,120,0
66,253.5,141,1
75,215.4,134,0
48,205.4,107,0
71,237.4,91,1
62,153.3,121,0
56,175.0,150,0
43,205.0,106,0
40,258.8,112,0
57,203.5,134,0
57,260.2,105,0
48,219.2,120,1
45,202.5,128,1
41,211.2,105,0
60,212.8,132,0
63,210.7,126,0
64,206.6,123,0
63,180.6,138,1
50,251.0,88,1
74,207.4,127,1
45,168.0,134,1
62,177.9,139,0
51,215.5,121,0
44,209.6,130,0
49,193.4,139,0
62,161.4,111,1
68,229.3,144,1
59,170.3,120,0
29,206.7,119,0
64,133.7,114,0
33,231.7,118,1
77,236.0,103,1
58,193.0,106,0
58,188.3,125,0
67,192.9,161,1
53,227.4,123,1
53,197.5,139,0
52,258.5,126,0
57,189.9,123,1
57,237.6,128,1
58,261.4,108,1
29,171.7,88,0
55,226.1,147,0
38,157.1,95,0
85,143.4,155,1
65,220.9,119,0
66,218.2,118,0
61,226.8,106,0
63,167.2,109,0
46,206.3,98,0
65,154.6,135,1
65,189.6,133,1
58,252.1,104,1
64,155.8,145,1
68,239.0,125,0
56,155.8,119,1
44,210.7,96,0
65,172.1,133,0
73,169.8,141,1
43,129.7,128,0
69,224.9,101,1
59,141.8,135,1
63,214.2,149,1
65,201.5,123,0
44,121.4,132,0
59,191.1,100,0
67,170.9,120,0
72,227.4,131,0
66,215.2,149,1
46,251.2,115,1
58,216.4,106,1
53,205.5,97,0
57,221.0,112,0
68,221.9,134,0
41,186.8,129,0
62,228.3,116,0
61,215.7,105,0
45,215.6,149,0
68,165.1,138,1
50,197.2,116,0
57,236.8,120,0
29,210.3,121,0
68,236.8,111,0
53,227.7,115,0
53,215.6,113,0
72,251.3,106,0
35,159.1,93,0
66,237.4,121,0
68,219.0,133,1
34,180.5,100,0
59,213.2,123,0
52,210.8,127,0
44,150.6,129,0
42,161.7,122,0
64,243.5,136,1
69,181.4,133,0
44,229.9,116,0
46,225.3,112,0
65,228.3,106,0
83,226.2,143,1
39,247.2,105,0
40,213.3,98,0
44,242.9,119,0
44,233.2,115,1
69,207.4,156,1
45,189.2,112,0
81,217.4,146,1
61,227.8,136,0
68,174.1,115,0
63,148.6,137,1
44,193.3,101,0
40,141.6,107,0
67,184.4,117,0
70,223.5,129,0
61,220.8,99,0
56,259.7,148,1
57,162.3,129,1
59,143.5,90,0
41,221.7,123,0
57,153.2,142,0
56,223.3,118,0
36,127.1,111,0
29,150.2,108,0
53,227.8,106,1
33,133.4,118,0
29,183.1,91,0
36,205.0,102,0
58,155.8,116,1
56,216.8,149,0
57,243.0,122,1
75,208.9,132,1
62,199.6,105,0
74,257.4,124,1
58,154.0,112,0
68,236.0,108,0
74,213.0,142,0
79,237.8,120,1
54,199.3,135,1
42,153.0,120,0
57,221.0,97,0
71,227.2,109,0
74,192.9,124,1
57,144.3,117,1
60,214.5,122,0
74,225.8,123,1
58,142.0,141,0
64,164.8,119,0
67,122.7,120,1
53,212.5,142,0
46,204.3,146,1
84,199.6,147,1
49,223.6,125,0
44,274.1,134,0
53,179.3,125,0
58,167.1,106,0
59,250.0,134,0
52,128.2,128,0
62,121.8,120,0
76,248.2,125,1
52,195.1,99,0
56,154.2,136,1
72,192.8,98,1
45,193.9,100,0
42,186.0,88,0
48,214.0,125,1
55,182.6,145,1
66,141.3,128,1
37,131.8,122,0
48,238.4,99,0
43,170.2,145,0
38,169.6,113,0
41,120.0,130,0
65,154.2,159,0
57,205.9,102,1
58,180.4,102,0
63,210.3,157,1
61,221.5,120,1
61,187.0,126,0
78,311.6,119,1
64,190.5,134,0
29,212.6,91,0
63,220.6,142,1
67,277.8,129,1
62,194.0,115,1
49,176.0,119,0
44,173.9,115,0
57,219.1,137,0
64,230.5,120,0
66,180.5,133,0
35,199.3,122,0
60,144.4,133,0
71,270.9,125,1
65,252.0,123,0
85,251.1,113,0
48,194.1,115,0
42,171.0,107,1
66,228.7,133,1
73,186.0,124,0
44,139.8,91,0
57,222.9,106,0
59,211.6,96,1
61,260.1,121,1
70,181.5,129,0
83,254.6,135,1
49,175.5,97,0
52,202.1,114,1
39,210.1,126,0
65,213.8,102,0
43,166.0,119,0
57,235.6,125,1
61,164.6,111,0
71,263.0,133,0
55,127.8,136,1
50,237.9,88,0
49,172.7,105,0
67,192.0,137,0
52,134.3,137,1
57,197.6,97,1
65,216.6,131,1
71,239.4,124,1
69,252.0,134,1
40,188.1,116,0
44,198.2,119,1
60,220.6,130,1
63,219.6,129,1
59,257.7,143,0
71,221.1,127,1
74,184.5,124,0
55,225.6,127,0
58,137.2,152,0
68,164.1,121,1
66,200.3,139,1
45,193.9,122,1
41,243.9,123,0
36,195.4,92,0
56,195.8,116,1
49,228.3,130,0
48,221.7,120,0
38,216.9,144,0
55,243.0,117,0
39,222.8,95,0
43,196.2,124,0
52,181.5,102,0
61,157.4,133,0
56,231.8,124,1
64,213.8,112,1
55,236.6,122,0
51,196.1,104,0
52,218.1,143,0
46,203.2,99,0
56,148.0,126,0
69,199.4,122,0
64,130.0,121,0
64,210.9,104,1
60,321.1,119,1
58,247.5,115,1
57,257.2,131,0
44,187.4,131,0
43,165.7,115,0
45,182.2,93,0
66,237.8,106,0
49,159.2,99,0
63,298.8,130,0
43,176.7,121,0
53,191.7,108,0
45,243.8,118,0
63,224.8,117,0
78,250.5,132,1
42,120.0,113,0
59,193.6,133,1
47,194.7,118,0
64,209.6,127,0
74,280.7,107,1
50,176.1,105,0
67,221.0,122,1
55,268.9,97,0
48,120.0,121,0
52,148.2,159,0
69,197.3,127,0
61,172.3,128,0
55,157.9,135,1
54,211.7,133,1
49,254.9,138,1
63,159.8,132,0
80,261.9,131,1
54,164.8,121,0
44,175.5,113,0
60,245.3,116,1
62,233.1,152,1
68,212.0,132,0
43,194.9,121,1
59,202.5,116,0
47,151.2,137,0
72,259.9,135,1
65,230.7,105,0
54,132.5,144,0
42,234.5,98,0
78,165.6,105,1
54,227.8,120,1
66,158.3,124,1
35,268.0,115,0
58,251.8,117,1
65,247.2,131,1
32,214.8,120,0
59,157.4,147,1
70,170.8,157,1
40,245.6,88,0
55,222.4,103,0
52,219.1,144,0
49,168.0,109,0
49,180.1,140,0
46,184.0,118,0
47,218.3,116,1
55,249.2,117,1
57,282.1,126,1
41,195.0,119,0
49,210.9,109,0
57,176.6,132,0
69,132.4,112,1
69,236.3,110,1
56,140.5,116,0
57,185.4,127,0
40,197.2,145,1
57,224.6,143,0
35,187.3,106,0
52,236.4,113,0
41,234.4,109,0
47,176.4,101,0
58,163.1,102,0
58,220.9,121,1
70,220.4,137,1
58,213.1,142,1
50,221.0,105,0
63,145.7,109,1
37,179.6,97,0
75,277.9,135,1
32,170.5,121,0
63,226.5,98,0
62,180.6,141,0
49,240.3,125,0
51,205.6,112,0
39,158.2,130,0
57,267.2,123,1
62,120.0,151,0
50,163.9,130,0
61,240.7,120,0
63,166.3,133,0
47,149.2,126,0
65,154.2,122,0
61,186.3,107,1
57,206.8,123,0
64,156.4,130,0
59,220.5,108,0
48,217.1,137,0
49,223.5,96,0
58,162.1,118,0
68,225.6,127,0
58,167.9,116,0
52,196.9,127,0
56,210.9,125,1
43,262.2,115,0
68,253.8,103,0
71,240.7,116,0
74,271.5,138,1
66,174.8,152,1
48,170.8,88,0
54,204.7,116,0
51,241.4,120,1
60,230.1,124,1
71,222.8,127,0
29,246.8,120,0
60,225.7,110,1
58,210.6,119,0
59,192.0,115,1
63,243.2,112,1
46,161.5,122,0
66,234.8,136,0
59,233.6,114,0
53,213.0,122,0
56,250.8,122,0
51,269.9,113,0
57,170.6,121,0
62,232.7,149,0
42,168.3,108,0
52,217.0,110,0
51,188.2,136,0
55,183.8,140,0
53,192.6,130,0
36,215.6,112,0
61,214.1,126,1
69,207.5,135,0
48,246.5,127,0
58,250.5,118,1
48,206.7,126,0
58,149.6,132,0
53,120.0,131,0
68,199.8,91,0
50,225.9,124,1
63,167.5,113,0
48,247.0,112,0
50,167.0,99,0
57,258.0,97,0
38,243.2,115,0
46,230.5,148,0
65,180.9,131,0
48,261.4,134,0
41,190.2,103,0
40,189.7,127,0
57,206.6,113,0
50,148.0,127,0
56,233.1,124,0
29,235.6,101,0
47,234.6,128,0
47,188.6,119,0
64,184.5,106,0
65,189.9,137,0
63,266.9,123,0
34,232.9,106,0
65,203.5,125,0
69,192.4,88,1
47,151.8,118,0
58,194.1,100,0
60,186.5,128,0
51,253.2,111,0
57,143.0,135,0
47,198.7,106,0
57,265.9,146,1
54,204.8,130,0
58,193.5,101,0
76,150.6,135,0
44,234.2,139,0
68,206.3,135,0
57,177.1,97,0
56,237.8,118,0
32,187.3,119,0
66,155.6,140,1
43,213.1,108,0
45,234.6,122,0
53,178.0,127,0
52,271.9,133,0
46,156.7,135,0
72,292.7,131,1
63,194.7,137,0
82,301.3,118,0
47,206.6,108,0
47,192.9,120,1
77,182.0,112,0
42,178.9,96,0
59,151.4,118,0
52,176.5,129,0
53,250.6,113,0
40,165.7,137,0
48,248.9,129,0
77,211.3,110,1
58,211.0,116,0
73,219.3,127,1
49,171.8,97,1
58,245.0,125,1
63,192.2,118,0
63,182.5,112,1
54,255.1,126,1
57,186.3,109,0
68,167.5,133,0
60,187.3,136,0
37,218.8,107,0
49,184.6,98,0
44,207.8,120,0
37,218.8,143,0
65,247.0,97,0
68,271.2,123,1
48,245.7,112,0
53,215.4,117,0
78,190.8,142,0
54,199.7,117,0
55,160.0,132,1
60,186.2,128,1
70,244.7,137,1
62,215.8,95,0
68,191.7,139,0
45,206.0,123,1
66,175.0,120,0
55,241.1,129,1
47,196.7,131,0
62,278.5,116,1
84,179.3,143,1
59,173.3,88,0
68,193.0,141,0
53,209.7,117,1
39,194.9,98,0
62,204.4,102,0
45,240.5,104,0
54,226.0,90,1
78,166.8,150,0
36,191.9,116,1
60,148.4,99,0
62,273.5,103,0
60,179.4,131,0
50,219.3,146,0
58,190.8,131,1
46,181.4,114,0
73,150.3,152,0
58,193.8,120,0
71,205.7,121,0
53,215.9,109,0
66,257.0,130,1
64,265.9,113,0
44,295.0,130,0
74,144.9,140,1
85,303.5,142,1
68,230.7,145,0
41,219.0,104,0
47,191.0,101,0
32,191.3,91,0
47,224.5,100,0
76,234.6,123,1
68,178.6,154,1
46,170.0,157,1
42,163.0,88,0
49,178.9,102,0
68,165.6,124,1
62,174.5,110,0
73,257.8,124,1
49,229.3,116,0
58,191.3,106,1
48,169.8,119,0
54,146.7,109,0
53,197.4,100,0
53,129.8,115,0
63,231.4,127,1
51,202.3,117,0
55,170.6,104,0
47,142.1,144,0
70,180.7,129,1
75,253.7,136,1
78,244.6,136,1
65,214.4,117,0
56,216.8,116,0
46,208.9,99,0
45,223.3,112,0
56,152.6,141,0
43,201.3,88,0
65,199.8,128,1
59,221.7,131,1
42,175.3,100,0
54,193.0,131,0
66,218.8,123,1
69,239.1,118,0
59,176.8,115,0
63,227.3,122,1
60,199.8,110,0
52,168.8,115,0
58,213.5,116,0
58,180.4,128,0
50,160.8,112,0
59,268.3,116,0
56,219.1,100,0
61,171.1,136,1
57,236.3,136,0
57,215.9,149,0
37,208.7,117,0
82,225.7,135,1
65,163.9,119,0
61,152.5,120,0
76,215.5,136,1
68,157.2,109,0
62,190.0,141,1
64,142.1,90,0
75,196.5,145,0
60,208.4,115,0
42,185.4,131,0
40,212.5,114,0
72,215.9,127,1
55,222.4,131,0
63,219.8,123,0
56,226.9,134,1
62,191.7,143,0
47,227.0,132,0
62,207.5,109,0
32,197.9,106,0
54,202.8,98,0
42,182.6,127,0
57,222.7,109,1
58,145.6,132,1
55,161.9,107,0
58,141.6,103,0
37,216.1,90,0
45,180.8,92,0
54,219.1,157,0
61,275.5,132,1
59,232.4,116,0
38,120.0,122,0
71,172.9,144,1
55,241.9,125,1
74,211.6,139,1
64,247.4,122,0
69,284.3,109,0
62,178.4,120,0
51,290.5,120,0
53,197.2,120,0
66,207.8,100,0
52,232.2,115,0
35,327.8,138,1
56,204.7,105,0
59,271.3,116,1
61,247.0,175,1
64,214.4,141,1
78,235.8,123,1
40,162.1,112,0
76,205.1,136,1
64,158.1,99,0
56,235.8,98,0
41,154.5,138,0
57,203.0,113,0
63,148.4,114,0
56,170.3,109,0
51,137.0,103,0
50,199.3,134,1
47,168.0,128,0
63,200.7,108,1
62,253.3,112,1
67,262.4,109,1
48,134.9,106,0
71,155.9,125,0
83,242.2,135,1
57,215.0,148,0
69,229.6,159,1
42,217.7,98,0
82,261.4,133,1
63,223.9,109,0
70,229.9,115,1
59,204.7,127,1
39,153.5,133,0
62,215.0,137,0
56,226.2,115,0
66,164.8,107,0
47,268.9,98,1
29,227.1,119,0
55,134.9,115,0
52,213.5,96,0
64,192.7,135,0
47,258.8,111,0
52,241.4,96,1
52,239.1,144,1
48,207.5,116,0
62,234.0,136,1
53,241.5,132,0
51,149.7,148,1
49,204.4,119,0
53,198.3,120,0
73,216.1,98,1
53,238.0,88,0
49,182.5,120,1
57,154.4,128,0
65,161.0,123,1
56,232.1,123,0
61,159.3,129,0
63,188.7,106,1
64,225.7,130,1
59,171.8,141,1
41,121.2,112,0
55,198.4,144,0
49,205.7,121,0
64,157.2,132,1
70,232.4,128,1
52,155.9,88,0
64,138.0,132,0
60,230.8,111,0
54,209.7,133,0
71,217.0,133,0
51,143.1,118,1
49,121.1,114,0
47,186.9,115,0
68,187.7,150,1
48,163.9,121,0
48,195.2,123,0
68,238.5,131,0
60,163.2,123,1
54,202.2,104,1
47,189.2,102,0
59,286.4,152,1
44,176.5,102,0
58,165.7,107,0
58,208.0,129,0
55,305.9,107,0
58,164.0,125,0
63,176.2,134,1
36,184.0,128,0
45,152.3,121,0
64,236.6,149,1
54,165.6,115,0
65,214.1,132,0
75,205.9,113,0
73,249.2,117,1
67,258.3,148,0
57,217.8,151,0
69,181.0,102,0
50,208.1,140,0
58,186.4,117,0
53,210.4,116,1
51,185.3,130,0
48,194.9,129,0
61,185.5,122,1
39,200.1,88,0
35,267.1,114,0
67,271.1,118,1
61,198.2,115,1
65,220.2,129,0
55,141.5,143,0
61,235.4,144,0
51,237.7,109,0
50,141.9,120,0
44,148.3,103,0
76,162.5,130,1
46,191.8,115,0
73,179.4,148,0
43,218.5,128,1
46,211.9,116,0
69,156.9,119,0
62,171.5,108,0
61,193.2,92,0
46,185.5,109,0
67,244.4,134,0
47,220.3,101,1
59,272.5,116,0
48,120.0,138,0
73,316.1,121,0
60,230.8,123,1
71,204.7,123,0
54,165.6,123,0
48,227.6,144,0
41,250.4,106,0
59,233.7,138,0
69,251.5,93,0
62,208.7,119,0
48,184.5,113,0
51,170.6,123,1
51,130.8,120,0
56,197.3,136,0
64,251.3,134,0
58,281.7,127,0
64,210.2,119,0
61,147.6,131,0
45,186.0,128,0
57,221.6,127,0
45,260.6,120,1
57,212.9,129,0
61,256.6,124,0
48,226.2,115,0
42,214.1,100,0
58,219.9,102,1
55,216.2,106,1
69,203.4,149,1
49,200.4,112,0
74,196.9,116,1
63,238.2,128,1
40,140.4,133,0
49,168.7,115,0
56,238.8,123,1
55,169.0,114,0
46,214.7,104,0
36,177.8,127,0
53,151.2,120,0
54,204.1,115,0
62,258.4,136,1
58,195.9,131,1
44,227.0,148,0
65,243.1,115,1
50,148.4,100,0
67,242.7,129,0
51,180.8,104,0
50,239.0,147,1
56,192.6,129,0
64,235.5,135,0
59,325.6,130,1
42,176.6,110,0
67,168.0,127,1
49,205.6,109,0
40,223.9,129,0
37,254.4,100,0
70,269.5,95,1
73,205.8,135,0
50,186.3,127,0
53,154.4,88,0
55,173.1,117,0
42,195.2,88,0
57,247.2,120,1
62,265.5,113,1
51,166.9,126,0
59,182.2,129,1
51,207.0,134,0
67,226.5,122,1
46,219.3,118,0
51,146.9,106,0
72,169.2,131,0
58,239.9,117,1
82,265.0,140,1
64,184.7,131,1
69,215.4,121,1
63,239.6,114,1
48,212.2,131,0
66,173.3,118,0
45,207.1,109,0
38,151.2,96,0
60,225.0,107,1
67,198.8,131,0
70,184.3,127,0
61,208.8,115,1
55,176.7,120,0
55,159.8,133,0
62,229.9,127,0
67,184.2,141,0
56,253.2,138,0
63,250.3,108,1
69,243.4,122,1
69,159.6,128,0
69,234.3,155,0
65,175.5,131,0
75,253.6,136,1
46,158.8,94,0
74,204.4,113,1
57,230.3,118,0
39,174.0,88,0
57,189.1,139,0
60,211.0,140,1
42,189.0,100,0
56,213.0,115,0
32,197.6,114,0
75,166.8,126,1
53,292.6,108,0
56,247.5,115,1
67,229.9,131,1
56,177.4,128,0
42,232.7,108,0
35,173.9,88,0
63,211.1,125,0
65,201.6,135,0
51,209.0,154,1
34,256.0,122,0
60,191.4,129,1
56,255.0,117,0
63,226.8,113,0
47,166.8,101,0
33,278.0,91,0
50,229.3,125,0
64,154.0,136,0
67,198.3,122,1
52,169.1,115,0
50,169.2,123,0
36,161.6,101,0
69,214.0,116,1
51,207.6,125,0
48,227.0,132,0
46,200.4,101,0
52,203.9,129,1
61,263.0,131,1
52,177.0,107,0
71,232.1,102,0
63,247.6,150,0
60,246.5,115,0
70,184.4,118,0
43,181.0,124,1
58,202.8,156,1
65,236.0,129,0
65,250.8,145,1
51,196.5,105,1
43,252.0,144,0
36,215.6,88,0
61,180.9,122,0
55,238.5,116,0
54,137.8,113,0
58,200.8,125,0
55,130.2,154,0
50,205.6,117,0
64,249.2,127,1
41,222.4,100,0
44,120.0,124,0
42,207.6,116,0
52,226.5,113,0
63,239.4,95,1
48,224.6,124,0
58,236.2,130,0
66,158.0,102,1
75,213.7,125,1
65,186.2,93,0
51,199.0,138,1
40,204.3,124,0
29,156.5,99,0
50,182.3,94,0
57,226.6,134,1
51,180.7,121,0
77,200.9,147,1
42,198.8,115,1
49,249.1,114,0
31,176.9,109,0
69,153.5,125,1
49,164.9,105,0
36,197.6,101,0
54,139.4,121,0
72,182.2,136,1
78,185.2,135,1
53,275.5,125,1
63,238.0,101,0
51,171.0,103,1
54,168.2,119,0
50,153.8,112,0
73,217.4,120,1
48,196.9,136,0
34,136.8,108,0
44,209.6,129,0
49,240.5,121,1
58,224.5,121,0
50,201.1,139,0
58,257.3,133,1
58,217.4,125,0
52,211.6,119,0
63,236.3,151,0
46,144.9,99,0
45,254.6,123,1
66,216.4,128,1
57,201.9,117,0
29,214.4,136,1
51,160.9,123,0
62,175.8,124,1
72,229.3,128,1
63,227.6,129,1
59,155.7,120,0
67,204.2,118,0
67,176.5,134,1
69,196.3,137,0
44,157.9,106,0
55,232.0,112,0
39,201.3,114,0
68,172.4,118,0
49,215.1,131,0
45,196.7,94,0
76,213.7,113,1
44,142.5,138,1
51,158.0,123,0
56,193.4,112,0
54,167.4,108,0
68,193.2,134,0
62,227.0,131,0
45,223.3,141,1
64,202.6,121,1
53,187.3,111,0
50,131.0,111,0
62,203.3,121,0
60,187.3,106,0
57,188.2,143,1
46,219.4,120,0
57,153.9,95,0
42,220.0,135,0
64,169.0,119,0
52,145.8,106,0
55,167.6,114,0
63,165.3,114,1
53,196.7,129,1
61,273.4,121,1
48,260.3,110,0
59,192.7,166,0
66,201.1,127,0
35,238.3,118,1
51,236.6,106,1
57,171.9,124,0
54,221.6,130,1
61,217.6,107,0
68,252.1,129,1
56,300.2,115,1
60,200.5,94,0
60,233.1,131,0
66,211.9,110,1
64,215.5,113,0
72,182.0,158,1
68,198.7,147,0
49,218.2,120,0
59,173.5,122,0
66,223.7,117,0
57,214.8,104,0
29,179.8,103,0
75,292.0,147,0
60,242.6,121,0
59,235.1,109,0
59,246.3,140,1
47,203.0,93,0
56,189.5,126,1
52,223.3,101,0
47,210.5,124,0
57,233.1,105,0
60,213.3,122,1
68,202.9,126,1
59,188.3,110,0
54,158.6,101,0
62,163.4,146,0
68,257.4,93,1
67,212.0,118,1
53,212.0,110,0
57,177.6,127,1
53,179.4,132,0
79,235.6,129,0
67,216.7,117,0
69,266.2,103,0
45,120.0,104,0
60,210.6,135,1
71,224.5,128,1
42,175.1,126,0
55,226.0,113,0
35,176.2,117,0
85,221.3,154,1
59,271.6,107,0
51,158.4,147,1
66,226.6,138,1
52,180.2,121,0
63,160.2,139,0
51,215.8,118,0
69,122.0,143,0
49,212.2,142,0
58,145.8,123,0
45,190.8,108,1
58,173.8,123,0
55,233.6,97,0
42,197.4,133,1
76,227.2,142,1
54,145.8,102,1
56,245.7,93,0
67,180.4,136,0
46,244.5,111,0
44,156.1,127,0
49,239.3,90,0
68,241.3,124,0
46,238.0,119,0
85,180.8,129,1
59,188.4,131,0
61,205.8,114,0
62,230.6,132,1
50,271.0,88,0
56,194.8,106,0
50,197.3,125,1
55,187.6,115,1
54,245.3,108,0
72,187.2,143,0
59,176.0,147,0
57,229.3,132,0
55,190.3,117,1
48,267.5,135,1
46,199.0,120,0
54,122.0,102,0
70,194.0,124,1
62,140.4,136,0
50,191.6,121,0
48,183.3,109,0
53,189.8,133,1
68,149.0,141,1
67,225.4,142,1
52,156.4,127,0
50,273.8,117,0
62,258.4,142,1
48,142.1,136,0
54,209.8,116,0
74,203.9,113,0
49,226.6,115,1
58,203.4,122,0
56,212.3,115,0
66,167.2,137,0
59,150.1,116,0
41,124.0,107,0
45,228.2,106,1
62,219.9,125,0
56,220.5,119,0
51,192.7,96,0
42,198.8,136,0
59,171.3,113,1
51,216.9,120,0
64,167.1,127,0
60,190.1,135,1
46,187.4,102,0
42,173.9,114,0
50,164.6,150,0
60,214.1,116,0
64,208.9,102,1
35,187.3,127,0
71,212.6,127,0
59,209.7,134,0
53,185.5,132,1
35,120.0,108,0
45,205.4,98,0
69,138.6,156,0
57,226.5,137,0
57,210.2,116,1
52,161.5,127,0
51,168.0,134,0
52,185.6,127,0
66,239.4,137,1
65,243.7,140,0
63,271.3,131,0
53,227.4,123,1
60,169.5,135,0
73,177.3,133,0
66,280.8,119,1
71,264.1,132,1
41,202.6,116,0
35,248.0,100,0
65,163.4,135,0
55,269.7,119,0
29,205.8,98,0
65,225.2,106,1
68,197.6,131,0
60,146.2,102,0
58,217.5,118,1
40,272.2,114,0
68,200.2,127,0
84,195.5,125,1
85,208.9,99,0
57,206.5,105,1
58,165.7,103,0
65,232.0,141,1
44,167.5,136,0
50,247.0,143,0
64,152.4,115,0
60,240.2,100,1
51,173.4,118,0
55,209.0,109,0
43,206.6,118,1
52,198.7,155,0
69,196.6,116,1
49,243.6,135,0
48,165.6,108,0
52,246.2,135,0
43,120.0,114,0
64,216.9,127,1
39,139.0,124,0
46,195.1,134,0
59,151.7,121,1
34,149.4,135,0
73,176.1,116,0
71,189.4,141,1
57,125.5,90,0
70,219.4,111,1
60,191.1,102,0
64,192.3,100,0
69,220.4,130,1
81,176.9,128,1
59,208.8,103,0
83,227.8,138,1
69,249.9,102,1
75,247.1,148,1
57,192.9,107,1
61,220.4,120,1
82,229.1,143,1
50,205.4,113,1
44,121.4,96,0
83,182.1,117,0
34,197.6,105,0
68,185.0,137,1
49,175.7,117,0
55,175.1,108,0
37,162.2,88,1
54,205.8,105,0
41,248.6,130,0
56,225.1,151,1
61,247.3,135,1
40,149.0,121,0
67,282.0,129,1
66,233.1,111,0
33,147.3,115,0
51,187.1,119,0
48,234.0,110,0
85,200.1,147,1
56,166.6,101,0
41,147.7,141,1
58,199.1,106,1
42,236.3,120,0
48,191.5,139,0
71,198.1,121,0
56,246.5,124,0
58,200.7,107,1
69,220.8,128,1
79,199.0,134,1
60,135.4,143,0
44,211.9,92,0
56,175.9,100,0
60,254.6,99,1
55,157.6,88,0
64,158.6,117,0
48,236.9,128,0
77,239.1,124,1
62,185.6,127,1
38,166.2,96,0
57,175.3,128,1
65,234.2,125,1
61,221.6,128,1
74,258.1,133,1
45,192.9,112,0
39,182.2,94,0
66,177.3,102,0
52,177.0,119,0
52,211.4,94,0
66,169.8,116,1
45,155.7,141,0
41,203.8,137,0
43,186.9,122,0
64,193.9,117,0
54,181.0,101,0
48,163.6,125,0
33,174.5,94,0
64,192.8,127,1
44,235.3,115,0
63,232.0,133,1
51,171.0,103,0
59,173.3,116,0
48,207.8,103,0
60,202.3,145,0
32,236.8,117,0
47,157.6,126,0
62,220.3,132,1
73,165.8,129,1
61,230.9,145,1
48,207.0,130,0
49,229.7,119,0
57,202.9,146,1
43,218.7,97,1
68,217.7,132,1
79,218.3,135,1
50,249.8,122,0
31,234.0,106,0
47,249.1,136,0
54,226.4,106,0
50,192.0,120,0
70,182.0,125,0
67,201.1,137,1
47,159.3,114,0
70,187.0,123,1
75,219.1,137,1
37,189.4,96,0
53,204.9,129,0
57,213.7,135,1
72,266.9,134,1
39,186.2,88,0
52,141.5,113,0
48,210.8,107,1
46,217.9,106,0
54,226.6,133,0
65,301.1,116,0
63,156.0,96,1
71,182.7,146,0
50,210.0,114,1
58,226.2,118,0
62,233.2,113,1
72,270.9,88,1
46,172.1,109,0
56,238.6,109,0
45,202.2,122,0
60,264.7,124,1
39,173.1,106,0
43,194.3,110,0
56,191.9,124,0
44,175.0,96,0
60,257.2,121,1
47,218.2,111,1
30,234.9,109,0
48,253.5,138,1
68,207.4,154,1
60,238.1,126,1
62,250.7,148,1
29,221.0,92,0
50,257.9,109,0
63,232.3,126,0
53,136.3,120,1
65,260.3,135,1
62,125.7,130,1
50,233.6,132,1
67,263.2,106,1
73,170.2,151,0
65,161.7,137,1
63,227.3,102,0
43,229.8,103,0
58,216.3,110,1
59,160.9,121,0
45,263.7,101,0
52,228.3,115,0
49,149.8,130,0
70,249.6,119,1
45,120.0,110,0
58,230.0,94,1
55,135.8,148,0
62,231.9,118,0
55,220.6,122,1
46,249.0,107,0
59,219.0,118,0
78,204.8,131,1
61,162.9,104,0
68,177.4,142,1
38,234.4,108,0
76,226.0,147,1
69,237.5,123,0
55,217.9,144,1
64,170.6,137,1
75,225.5,141,0
55,189.2,116,0
44,126.5,133,0
65,244.1,140,1
53,184.9,141,0
62,198.0,115,0
52,228.5,134,0
39,188.2,126,0
51,198.7,147,0
62,275.0,126,0
44,211.7,97,0
74,254.9,121,1
33,120.0,103,0
46,202.9,101,0
59,227.7,106,0
58,195.4,126,0
65,264.2,130,0
58,168.5,124,0
74,238.8,132,1
51,194.3,107,0
63,157.9,142,0
49,201.6,97,0
69,200.7,114,0
54,235.3,140,0
53,199.8,117,0
56,247.4,126,0
46,165.2,128,0
52,192.8,106,1
38,120.0,116,0
53,232.8,147,1
55,132.6,108,0
63,262.5,116,1
51,202.8,105,0
42,167.4,120,0
56,228.7,126,0
49,210.8,120,1
46,128.5,118,0
75,246.1,106,0
53,280.0,119,0
85,154.5,137,1
52,211.2,100,1
44,250.5,95,0
53,191.6,109,0
47,126.3,122,0
64,213.7,134,1
50,234.4,96,0
56,172.2,119,1
65,120.0,128,0
55,131.4,123,1
58,153.2,139,0
50,236.6,102,0
67,183.7,117,1
75,204.8,121,1
54,219.8,112,0
45,120.0,90,0
58,195.1,144,0
75,199.5,152,1
54,204.2,107,0
73,209.8,133,1
47,175.7,115,0
54,181.9,137,1
68,210.9,140,1
59,177.4,129,0
52,258.9,138,0
76,263.1,131,1
56,225.2,112,1
58,196.4,99,1
54,194.8,98,0
47,233.1,117,0
58,210.0,110,1
71,181.5,132,0
55,216.8,133,0
70,228.2,108,1
47,213.3,132,0
59,168.6,103,0
64,167.4,128,0
62,183.6,127,1
54,165.0,108,0
35,141.9,126,0
55,234.6,112,0
66,196.6,142,1
63,197.4,140,0
55,199.8,111,0
71,133.7,127,1
45,218.7,121,1
61,197.4,119,0
75,174.5,143,1
74,199.5,114,1
78,249.0,112,1
43,188.5,117,0
52,254.2,92,0
58,255.5,129,1
65,268.6,111,1
43,215.1,107,0
60,232.8,124,1
47,131.1,137,0
55,186.4,146,0
39,230.9,112,0
63,226.2,138,0
35,120.0,101,0
61,196.6,108,0
42,174.3,136,0
47,210.0,113,0
63,187.9,136,0
60,192.1,123,0
42,195.8,114,0
30,182.0,98,0
58,218.0,133,1
58,160.0,96,0
39,197.8,131,0
76,227.7,137,1
66,166.9,143,0
40,190.0,99,0
66,252.5,123,1
41,207.2,122,0
73,226.5,137,1
75,172.1,114,0
76,269.9,99,0
42,155.9,126,0
52,201.1,131,0
42,171.5,137,0
45,187.9,129,0
79,266.2,122,0
58,233.6,134,0
53,221.7,95,1
54,228.8,141,1
47,256.7,88,0
50,120.0,108,0
62,148.6,103,0
53,198.1,118,1
52,136.6,125,0
54,234.5,94,0
57,190.7,128,0
54,210.4,96,1
51,210.5,109,0
51,219.3,137,0
61,232.2,119,1
52,164.0,122,0
54,167.6,125,1
49,193.4,140,1
55,202.0,127,0
62,186.0,132,0
36,141.7,106,0
58,143.5,97,1
63,210.7,109,0
56,295.3,117,1
49,247.8,138,1
67,208.7,119,1
67,338.7,97,1
46,156.0,139,1
61,177.9,132,0
59,184.3,121,0
33,201.0,89,0
60,271.4,100,0
41,158.0,103,0
56,214.8,131,1
40,273.0,117,0
62,128.7,128,0
82,237.9,150,0
49,192.1,130,0
46,221.3,137,0
38,126.5,127,0
45,249.9,115,0
67,186.5,134,0
56,225.8,131,1
37,200.0,129,0
53,180.7,113,1
52,240.3,104,0
63,146.6,151,0
50,120.0,128,0
60,176.0,104,0
55,157.3,95,0
37,159.4,107,1
44,219.3,123,0
70,201.5,112,0
60,213.4,133,0
58,213.7,123,0
56,237.7,108,1
38,204.5,99,0
53,186.6,125,0
61,173.2,108,1
64,159.6,113,0
68,222.7,128,1
60,219.6,117,0
63,153.2,94,0
50,154.8,130,0
72,253.2,131,0
45,176.7,136,0
60,214.5,118,1
53,169.0,113,0
70,200.5,95,0
55,135.6,100,0
64,266.9,130,1
49,120.0,94,1
70,247.8,110,0
67,146.0,136,0
74,210.2,129,0
53,220.1,129,0
67,160.2,128,1
64,195.3,131,0
69,182.1,135,0
65,213.3,131,1
59,181.2,126,0
70,131.4,120,0
29,207.5,103,0
53,256.6,133,0
47,264.7,128,1
69,269.4,128,0
55,207.4,105,0
65,201.4,123,1
58,194.3,118,0
69,251.6,108,0
66,183.8,125,0
57,145.8,88,0
63,169.4,117,1
57,211.1,89,0
52,212.5,122,0
62,243.6,113,0
74,192.3,110,1
66,202.5,131,0
48,225.8,131,0
66,216.6,102,0
48,196.5,120,0
29,170.5,95,0
46,224.9,96,0
59,120.0,112,1
41,204.6,100,0
59,253.6,138,1
70,199.8,134,0
56,221.8,97,0
62,189.0,125,0
54,230.3,125,0
31,182.7,88,0
59,221.2,105,0
48,195.0,141,0
60,233.5,104,0
35,222.5,90,0
59,195.0,107,0
63,169.0,126,0
72,177.1,136,0
59,139.0,102,0
42,169.6,122,0
57,203.8,102,0
35,166.9,110,0
36,242.1,120,0
59,184.0,102,0
63,205.8,88,1
59,232.1,100,0
70,204.6,131,1
66,238.2,110,0
63,267.5,144,1
39,212.1,122,0
49,158.4,139,1
59,229.9,139,0
41,177.1,102,0
43,147.9,120,0
40,240.0,105,1
49,204.7,131,0
59,172.4,127,0
70,235.4,112,0
57,204.1,117,0
53,167.0,134,0
45,215.5,88,0
71,200.6,139,1
59,200.3,139,0
65,282.6,121,1
45,205.8,142,1
43,197.7,117,0
59,210.3,113,0
58,202.2,147,0
70,222.8,151,0
49,193.7,126,0
54,233.6,129,1
51,250.1,109,1
68,201.6,116,0
48,135.0,101,0
65,168.0,147,1
56,204.6,114,0
63,223.2,143,1
72,167.7,132,0
62,239.3,151,1
78,181.6,155,1
60,120.0,118,0
36,180.7,96,0
61,218.1,122,1
54,156.8,123,0
47,141.6,108,0
54,186.9,136,1
47,165.4,118,0
61,237.1,108,1
60,225.0,118,1
66,224.7,98,1
63,154.5,131,1
64,160.1,88,0
41,153.6,122,0
53,264.6,123,0
35,206.9,108,0
63,193.7,105,0
56,199.0,98,0
59,163.3,156,1
55,194.3,96,0
60,233.0,107,0
34,190.7,112,0
60,183.8,130,0
76,268.2,144,0
60,172.2,139,0
51,170.1,127,1
71,171.3,141,1
60,276.4,113,0
60,205.6,150,0
78,172.2,141,1
61,205.3,129,0
49,199.4,117,1
47,213.0,110,0
68,276.3,122,1
38,243.0,117,1
51,139.1,127,0
49,260.7,149,0
67,224.3,124,0
54,259.1,126,1
58,246.9,122,1
35,170.6,132,0
50,204.9,132,0
56,251.8,112,0
56,193.8,102,0
56,176.8,127,0
63,249.9,128,0
59,186.4,122,0
71,215.5,111,1
50,230.2,134,0
55,235.2,129,1
51,187.6,113,0
73,199.3,108,1
70,211.4,160,1
41,200.4,130,0
42,170.4,126,0
66,171.9,122,1
67,202.8,116,0
62,156.2,115,1
40,187.8,142,0
50,145.0,101,1
49,215.7,101,0
53,152.9,118,0
54,253.6,148,1
38,198.6,88,0
49,242.8,129,0
50,203.9,96,0
33,169.7,112,0
75,243.7,136,1
74,213.8,130,0
47,256.7,109,0
50,138.0,103,0
50,213.6,97,0
48,207.2,122,0
62,282.3,132,0
44,175.6,97,0
66,189.5,140,1
63,220.4,141,0
56,253.7,112,1
78,246.8,134,1
65,237.5,134,0
52,143.9,111,0
54,202.0,145,0
69,180.2,104,1
47,145.2,88,0
44,229.9,139,1
65,183.9,115,0
64,194.1,136,0
48,175.1,103,0
77,267.6,127,1
52,248.6,122,0
68,244.2,129,1
61,286.3,160,0
47,255.3,106,1
55,271.8,104,1
29,120.0,116,0
67,225.7,131,0
57,120.0,120,0
67,223.8,126,0
47,169.5,140,0
54,193.9,155,0
41,213.5,117,0
48,120.0,117,0
65,212.6,142,0
62,220.9,136,1
71,236.9,121,1
68,214.1,141,0
58,163.8,133,0
29,251.9,141,0
72,211.5,124,1
59,218.0,107,1
85,301.4,112,1
77,156.2,114,0
64,184.6,130,1
59,238.0,107,1
53,207.0,134,0
45,188.9,131,0
50,233.2,120,0
56,163.2,108,0
45,186.5,126,0
53,199.8,129,0
68,166.8,94,0
45,206.5,138,1
54,203.9,101,1
53,120.0,129,0
58,227.8,109,0
46,149.0,108,0
51,210.0,106,0
31,186.4,94,0
54,163.1,108,0
64,184.7,125,0
64,153.9,139,0
68,228.1,131,0
45,228.3,124,0
59,232.3,103,1
57,185.8,106,0
53,139.5,110,0
60,186.6,139,0
57,165.2,125,0
46,233.9,114,0
74,198.2,116,1
74,153.8,140,0
43,208.9,88,0
63,159.3,111,1
49,186.3,118,0
65,258.1,139,1
48,252.2,114,0
44,189.8,102,1
62,160.3,91,0
51,184.9,114,0
59,209.7,116,1
52,228.7,140,1
44,161.9,107,0
29,231.8,104,0
67,186.3,131,0
60,189.1,117,0
33,163.2,130,0
44,174.2,116,0
53,274.1,117,1
71,252.6,99,1
64,193.0,99,0
65,236.4,130,0
61,174.8,124,1
56,135.0,106,0
58,219.6,104,0
61,308.8,117,1
50,191.2,134,0
34,180.6,94,0
60,148.7,114,1
54,150.7,89,0
40,192.4,122,0
53,195.5,94,1
69,195.6,126,1
46,183.5,108,0
52,195.4,145,0
51,207.0,99,0
47,227.7,104,0
48,232.6,123,0
54,219.8,133,0
66,166.8,121,1
57,132.7,132,0
65,255.8,130,1
54,223.9,120,1
57,219.8,109,0
39,151.8,131,0
61,237.9,112,1
66,214.2,129,1
57,219.4,104,0
67,179.9,151,1
69,187.3,148,0
58,195.9,126,1
61,235.4,111,0
77,274.0,153,1
48,177.7,101,0
60,227.0,132,0
76,231.8,137,0
49,264.4,121,0
77,197.6,136,0
58,251.8,141,1
49,196.2,88,0
63,243.9,96,0
65,210.8,119,0
52,249.2,103,0
59,187.9,121,1
53,255.6,107,1
51,170.8,106,0
61,250.4,141,1
67,164.6,118,1
48,234.2,105,0
55,151.4,137,0
79,205.7,118,1
63,251.8,118,1
41,204.2,127,0
65,142.0,148,0
44,213.0,120,0
40,252.1,106,0
56,238.2,129,0
72,189.1,119,0
67,215.3,141,0
72,271.3,151,1
66,260.9,131,1
53,134.4,131,0
62,248.2,128,0
76,140.5,118,0
79,154.5,123,1
40,193.1,106,0
60,167.3,123,1
49,242.9,100,0
67,211.9,102,0
64,158.1,152,0
57,235.3,118,1
49,128.8,143,0
61,228.2,143,0
56,226.5,108,0
58,218.3,148,0
55,321.0,99,0
60,185.4,117,1
57,151.5,127,0
66,235.9,113,1
29,164.2,88,0
54,187.3,115,0
51,138.8,112,0
60,184.6,139,0
66,200.6,113,0
59,136.0,154,1
57,241.2,98,0
51,154.4,127,0
65,199.2,136,1
77,225.3,143,1
61,223.4,115,0
59,285.8,115,1
61,187.3,121,0
51,213.6,136,0
48,215.5,98,0
48,215.0,114,0
59,120.0,145,0
65,207.9,123,1
60,198.4,131,0
53,169.3,112,0
63,216.4,124,1
53,225.0,143,0
60,212.4,120,0
51,218.8,115,0
60,197.0,145,0
46,150.6,102,0
39,268.9,118,0
62,172.7,119,0
72,214.6,97,1
52,211.7,110,0
29,141.2,97,0
69,209.9,116,0
58,219.2,92,1
82,227.9,124,1
72,209.6,130,0
51,222.5,127,1
56,146.0,122,0
62,230.9,104,0
50,235.0,114,0
74,206.0,119,1
64,164.8,116,0
48,153.0,125,0
72,208.9,134,1
43,165.0,108,0
63,251.8,110,1
43,140.6,88,0
68,198.3,128,1
48,145.6,114,0
51,226.1,110,0
60,244.9,133,0
60,225.9,134,1
61,233.0,134,1
58,225.5,127,0
46,195.5,93,0
54,216.6,118,0
56,210.5,149,1
60,209.1,129,0
50,188.6,120,0
65,254.2,107,0
52,171.9,141,0
49,216.9,118,0
46,287.9,118,0
46,120.0,103,0
45,237.5,114,0
49,160.6,109,0
72,254.1,116,1
56,120.0,109,0
76,237.7,121,0
37,146.6,128,0
65,194.8,115,0
64,240.2,150,1
38,220.3,110,0
58,240.1,128,1
58,214.2,140,1
60,175.9,128,0
49,205.9,133,0
61,196.6,112,0
67,254.1,136,1
45,250.9,123,0
52,171.7,110,0
63,239.7,167,1
46,197.1,111,0
66,226.2,142,0
56,251.5,133,0
66,256.9,131,0
29,156.4,97,0
67,240.5,116,1
62,241.7,121,0
64,221.2,105,0
48,214.8,106,0
75,254.4,116,1
48,171.1,100,0
66,263.4,127,0
55,199.6,107,0
35,202.2,122,0
63,177.8,138,0
57,213.3,92,0
48,202.4,150,0
54,198.2,128,0
85,155.7,155,0
49,228.9,129,0
67,170.8,122,0
54,192.5,109,0
58,219.2,107,0
67,192.7,114,0
66,179.5,147,1
61,233.9,118,0
45,143.3,124,0
59,207.4,105,0
59,197.5,114,0
49,207.6,131,0
44,172.5,141,0
70,189.4,150,1
43,228.8,109,0
64,259.6,133,1
48,170.3,94,0
63,231.1,137,0
35,211.6,107,0
66,256.8,129,1
53,270.6,88,0
46,203.6,115,0
78,222.5,126,1
56,186.2,114,0
58,236.2,135,1
58,224.1,144,1
64,204.6,113,0
50,175.2,115,0
74,198.3,129,1
47,126.4,117,0
50,120.0,120,0
58,190.0,101,0
80,192.2,127,0
51,217.5,132,0
61,215.6,105,0
51,177.4,135,0
48,191.4,115,0
59,185.5,115,0
72,256.4,120,0
42,211.8,119,0
59,207.8,120,1
62,247.0,109,0
54,258.3,113,0
53,239.1,131,0
47,209.3,128,0
52,211.7,97,0
50,185.5,113,0
66,212.2,133,0
49,201.6,112,0
60,191.6,109,0
70,216.6,162,1
45,204.8,92,0
46,233.2,99,1
57,204.4,155,0
50,236.8,112,0
67,251.5,120,0
65,151.9,132,1
60,217.6,115,1
69,192.2,125,0
53,185.1,111,0
57,120.0,130,0
69,264.0,126,1
83,230.6,142,1
52,205.5,133,1
53,220.8,133,0
74,239.9,117,0
57,204.1,112,0
41,152.1,115,0
61,193.4,118,0
56,120.0,139,0
58,127.1,121,0
67,194.1,138,0
51,230.6,115,0
50,157.3,120,1
49,175.9,121,0
70,217.9,104,0
60,245.2,140,1
29,216.6,100,0
67,231.5,115,1
61,205.6,106,0
29,166.7,100,0
75,240.2,115,1
77,315.6,116,1
58,180.2,134,0
64,236.7,117,1
52,214.9,118,0
51,120.0,115,0
69,193.8,148,0
52,158.2,121,1
51,222.1,133,1
62,158.0,101,0
41,217.9,105,1
51,185.0,117,0
65,202.5,127,1
36,251.9,101,0
55,285.9,98,0
51,167.0,126,0
47,147.6,114,0
42,196.2,139,0
45,249.4,143,1
48,171.5,125,0
47,221.5,120,0
53,187.8,131,0
51,146.7,110,0
44,210.7,106,0
59,145.4,115,0
59,166.8,124,0
40,204.1,116,0
67,178.6,134,0
54,212.3,129,0
62,206.3,96,1
48,212.5,115,0
44,200.5,131,0
56,289.5,101,1
45,244.3,99,0
67,221.9,123,0
79,241.2,112,1
64,216.1,106,0
56,193.7,105,1
51,210.8,119,0
47,214.4,114,0
54,183.2,129,0
47,174.3,95,1
49,219.7,114,1
70,191.1,99,1
52,171.5,119,0
64,173.0,112,0
67,222.6,126,1
58,189.5,140,0
60,185.1,145,1
58,245.0,95,0
47,120.0,104,0
53,134.8,124,0
63,225.7,111,0
42,187.7,125,0
51,206.3,120,0
61,236.3,128,0
62,170.3,122,0
56,207.3,145,0
52,207.8,137,0
61,168.5,121,0
59,169.6,125,0
57,204.0,106,0
57,234.8,112,0
60,242.3,123,0
50,209.7,118,0
67,220.8,107,1
70,204.8,120,1
54,157.2,108,0
31,158.9,105,0
43,139.7,96,0
64,247.9,147,0
45,200.8,88,0
61,158.5,131,0
42,224.3,133,1
62,207.2,157,0
57,213.5,121,1
56,253.8,110,1
52,242.3,123,1
60,173.6,139,1
43,218.9,111,0
59,247.6,125,0
53,259.9,122,0
74,190.0,120,0
34,204.8,136,0
58,150.4,121,0
48,222.2,140,1
61,178.6,133,1
66,171.5,128,0
41,219.0,92,0
71,166.8,127,0
51,277.4,97,0
53,220.6,123,0
48,235.3,137,1
31,151.3,124,0
50,197.1,103,1
42,316.6,142,0
38,165.3,88,0
68,235.4,119,0
68,262.1,120,0
59,253.6,139,1
45,244.4,88,1
68,218.2,138,1
57,195.4,121,1
53,162.2,136,0
47,254.1,127,0
57,255.5,121,0
53,183.7,105,0
52,172.9,119,0
52,201.3,135,0
63,218.8,106,1
62,192.2,114,0
71,250.4,128,1
53,179.3,154,0
42,210.0,88,0
58,178.8,130,0
38,179.1,115,0
46,177.0,143,0
67,256.2,139,1
74,157.2,133,1
61,236.3,126,1
58,228.6,127,1
52,209.5,110,0
57,211.6,132,0
56,227.4,125,0
59,255.1,101,0
47,264.1,112,0
58,120.0,146,0
40,156.7,119,0
38,224.4,125,0
68,232.4,140,1
85,233.3,137,1
58,213.0,115,1
56,222.8,116,0
71,183.6,132,0
41,224.2,117,1
39,206.9,123,0
64,231.7,142,1
72,187.5,134,0
62,251.5,142,1
54,254.1,103,0
75,191.8,156,1
50,251.2,118,1
54,207.2,124,0
51,226.9,130,1
43,203.9,133,0
54,219.0,125,0
55,184.9,123,0
55,199.3,118,0
62,196.8,148,0
49,230.3,115,1
70,200.7,128,0
53,157.5,100,0
44,165.8,113,0
44,218.3,135,0
51,218.1,115,0
54,153.2,124,0
60,204.1,121,0
57,120.0,120,0
68,237.4,130,0
51,276.5,101,0
63,251.8,128,0
57,237.6,153,0
63,208.1,118,1
48,138.4,110,0
66,253.1,96,0
45,217.8,88,0
80,203.5,122,1
39,120.0,123,0
51,152.4,103,0
55,185.6,105,0
73,216.7,129,0
75,194.7,153,0
45,175.9,106,0
69,201.2,107,0
40,222.9,119,0
76,227.7,121,0
51,173.3,133,1
62,191.2,135,0
59,201.5,116,1
47,224.7,138,1
57,184.0,150,0
61,317.4,130,1
43,173.8,88,0
60,161.3,102,0
54,191.3,127,0
48,198.8,144,1
68,247.3,122,0
48,213.8,113,0
38,198.9,129,0
64,170.3,143,0
45,168.4,126,0
57,224.7,130,1
45,246.1,117,0
70,145.4,103,1
58,185.3,118,0
64,219.6,140,1
49,202.4,146,0
45,172.0,96,0
55,206.9,102,0
63,146.6,137,1
63,184.6,126,1
73,306.6,115,1
59,128.1,151,0
73,187.4,113,0
44,217.5,122,0
52,244.3,128,0
45,280.3,136,0
58,263.4,112,1
46,243.4,115,1
62,167.5,126,0
56,280.3,99,0
59,236.3,120,1
59,170.5,120,0
53,177.1,137,0
68,267.4,137,1
79,212.8,127,1
62,221.0,118,1
58,148.2,119,0
62,182.2,104,0
50,231.9,110,0
47,192.1,134,0
49,129.7,125,0
61,161.0,132,1
60,194.9,109,0
73,180.6,137,1
41,170.7,114,0
62,208.3,120,0
72,215.3,132,1
43,250.3,113,0
66,257.3,116,1
63,249.0,155,1
56,173.2,115,0
39,209.3,120,0
48,178.4,88,0
65,277.7,152,1
67,179.9,121,0
55,197.2,97,0
54,229.4,105,1
70,206.5,123,0
58,157.5,124,0
63,183.9,121,0
64,282.3,118,0
36,210.1,110,0
85,238.4,161,1
63,246.1,128,0
78,243.2,116,0
49,128.3,98,0
39,207.4,125,0
63,149.8,118,1
39,248.0,115,1
49,227.9,117,0
56,185.9,124,0
